,0,1,2
0,-9999.0,-9999.0,-9999.0
1,-1797201.1366861898,-15373488.515552096,22178539.592645306
2,-1794713.5493641756,-15374458.392867437,22178056.259828486
3,-1792226.0790079224,-15375428.404343635,22177572.48046037
4,-1789738.7213080162,-15376398.551302029,22177088.25394988
5,-1787251.478481703,-15377368.83303087,22176603.580610808
6,-1784764.3531487307,-15378339.248780178,22176118.460752014
7,-1782277.3405297534,-15379309.799930071,22175632.89377777
8,-1779790.4882307688,-15380280.480524853,22175146.879996706
9,-1777303.7081859848,-15381251.300303748,22174660.41972757
10,-1774817.0411365828,-15382222.255375506,22174173.512369998
11,-1772330.4918628046,-15383193.344310367,22173686.158540476
12,-1769844.0554735407,-15384164.568500713,22173198.357640553
13,-1767357.7344765316,-15385135.927209811,22172710.109980244
14,-1764871.531334989,-15386107.419693436,22172221.415879812
15,-1762385.441247329,-15387079.047337519,22171732.274736106
16,-1759899.51208854,-15388050.80421259,22171242.686863065
17,-1757413.6557019106,-15389022.69995488,22170752.652575687
18,-1754927.9125159543,-15389994.730769387,22170262.171269182
19,-1752442.287579465,-15390966.89518772,22169771.243570693
20,-1749956.776202953,-15391939.194582518,22169279.868874304
21,-1747471.380692551,-15392911.628236154,22168788.047495376
22,-1744986.1032422604,-15393884.19544382,22168295.779750384
23,-1742500.9846396216,-15394856.892430222,22167803.06503179
24,-1740015.9370686975,-15395829.728677524,22167309.903661884
25,-1737531.0077269264,-15396802.69838378,22166816.29595498
26,-1735046.1922835829,-15397775.802876087,22166322.24130492
27,-1732561.4931566278,-15398749.041424332,22165827.740028776
28,-1730076.9122932572,-15399722.413355794,22165332.792441662
29,-1727592.445856113,-15400695.919933379,22164837.397941977
30,-1725108.1429784836,-15401669.554765427,22164341.5571539
31,-1722623.9091232107,-15402643.32929026,22163845.269468475
32,-1720139.791866043,-15403617.237712307,22163348.535204273
33,-1717655.7931314153,-15404591.279365497,22162851.354674716
34,-1715171.90901531,-15405565.455511602,22162353.727281656
35,-1712688.1415317317,-15406539.76547888,22161855.653335173
36,-1710204.4929415586,-15407514.208541961,22161357.133165084
37,-1707720.9588472457,-15408488.786047945,22160858.166149884
38,-1705237.5890993346,-15409463.491581623,22160358.752921373
39,-1702754.2887119306,-15410438.336500574,22159858.89287245
40,-1700271.1052610227,-15411413.315074531,22159358.586320832
41,-1697788.0410518707,-15412388.426586354,22158857.833588455
42,-1695305.0918669128,-15413363.672350034,22158356.63406039
43,-1692822.2594057906,-15414339.051723775,22157854.988052066
44,-1690339.5466469363,-15415314.563894555,22157352.895901896
45,-1687856.9940380757,-15416290.205303745,22156850.35698084
46,-1685374.5156390923,-15417265.984460115,22156347.371928282
47,-1682892.1523213794,-15418241.89773324,22155843.940126557
48,-1680409.9064798316,-15419217.944400622,22155340.061895657
49,-1677927.7802400885,-15420194.123756036,22154835.73756607
50,-1675445.7692503787,-15421170.43713221,22154330.966515362
51,-1672963.8756810422,-15422146.883831106,22153825.749064337
52,-1670482.1023533803,-15423123.463066567,22153320.085547537
53,-1668000.489626118,-15424100.171349501,22152813.975331433
54,-1665518.9513332655,-15425077.01708304,22152307.419066254
55,-1663037.528683788,-15426053.996664982,22151800.41612681
56,-1660556.2238703733,-15427031.109390518,22151292.96683853
57,-1658075.0393099855,-15428008.354530746,22150785.07152791
58,-1655593.970314661,-15428985.73345419,22150276.729568098
59,-1653113.0193238363,-15429963.245425032,22149767.941288497
60,-1650632.2340461598,-15430940.884860763,22149258.707022894
61,-1648151.5193704593,-15431918.66281863,22148749.026136376
62,-1645670.9226206955,-15432896.573758435,22148238.89895607
63,-1643190.4466853298,-15433874.61689672,22147728.325813398
64,-1640710.086584649,-15434852.793623624,22147217.306084577
65,-1638229.847073665,-15435831.102520706,22146705.840413447
66,-1635749.7238240722,-15436809.544913039,22146193.928171933
67,-1633269.7641600196,-15437788.115325455,22145681.56968543
68,-1630789.880124823,-15438766.82258933,22145168.76528994
69,-1628310.1121824195,-15439745.663287507,22144655.514352586
70,-1625830.4630640545,-15440724.636662722,22144141.817199577
71,-1623350.9349168038,-15441703.742001588,22143627.67417104
72,-1620871.5229856698,-15442682.980691632,22143113.084622808
73,-1618392.232452297,-15443662.35125241,22142598.04921607
74,-1615913.058179825,-15444641.85509788,22142082.56731515
75,-1613434.0484139053,-15445621.486716766,22141566.639247686
76,-1610955.1143876314,-15446601.254899995,22141050.265355267
77,-1608476.2971050867,-15447581.156242564,22140533.444994148
78,-1605997.5988478982,-15448561.190034807,22140016.178492818
79,-1603519.0221448722,-15449541.35551441,22139498.46620024
80,-1601040.5621064699,-15450521.654086586,22138980.30746451
81,-1598562.2238241225,-15451502.084276797,22138461.702954635
82,-1596084.0477632398,-15452482.642796297,22137942.652024113
83,-1593605.9458132458,-15453463.33827967,22137423.155002788
84,-1591127.9654724996,-15454444.165312259,22136903.212241128
85,-1588650.1024362622,-15455425.125233892,22136382.823087685
86,-1586172.3588959535,-15456406.217339808,22135861.987876486
87,-1583694.7369977683,-15457387.44091626,22135340.70695237
88,-1581217.232639699,-15458368.797286747,22134818.97965896
89,-1578739.8502829825,-15459350.285033192,22134296.80667639
90,-1576262.6306188062,-15460331.90090772,22133774.187350404
91,-1573785.4854003547,-15461313.65343377,22133251.122016404
92,-1571308.4624186263,-15462295.537240816,22132727.61101749
93,-1568831.556964427,-15463277.553700525,22132203.653704282
94,-1566354.7715887914,-15464259.702066958,22131679.2504163
95,-1563878.1084150274,-15465241.981633201,22131154.401497543
96,-1561401.5631392442,-15466224.393738642,22130629.106290396
97,-1558925.1856426564,-15467206.932396498,22130103.365473095
98,-1556448.880468193,-15468189.608140973,22129577.17838688
99,-1553972.6957644143,-15469172.415618569,22129050.545376036
100,-1551496.6334293163,-15470155.354144877,22128523.466786023
101,-1549020.6894068983,-15471138.425029725,22127995.941959716
102,-1546544.86566274,-15472121.627590904,22127467.971235693
103,-1544069.1646574498,-15473104.961087529,22126939.55496024
104,-1541593.5821326259,-15474088.42684512,22126410.692477886
105,-1539118.1653620997,-15475072.019665878,22125881.384134695
106,-1536642.8260121266,-15476055.747855972,22125351.630271196
107,-1534167.6054004543,-15477039.608204985,22124821.430226963
108,-1531692.507581549,-15478023.599349115,22124290.78468324
109,-1529217.5283198387,-15479007.72260675,22123759.692985088
110,-1526742.6698957707,-15479991.977268849,22123228.155470077
111,-1524267.9347921973,-15480976.362588022,22122696.17249013
112,-1521793.363764734,-15481960.875474216,22122163.743378766
113,-1519318.8681461464,-15482945.524151776,22121630.868484266
114,-1516844.4961280606,-15483930.303377572,22121097.548156217
115,-1514370.2430699824,-15484915.214523558,22120563.781726375
116,-1511896.1131606344,-15485900.256207675,22120029.569883887
117,-1509422.102435587,-15486885.42973554,22119494.911959432
118,-1506948.2129044011,-15487870.734410757,22118959.80830285
119,-1504474.4470271957,-15488856.169493053,22118424.259265102
120,-1502000.845808438,-15489841.731927747,22117888.264175188
121,-1499527.320534331,-15490827.429823048,22117351.8233838
122,-1497053.9191940823,-15491813.258016452,22116814.937242787
123,-1494580.6368996715,-15492799.217907691,22116277.60507612
124,-1492107.4786730378,-15493785.308024766,22115739.82758426
125,-1489634.4400771274,-15494771.529723795,22115201.604090057
126,-1487161.5230307544,-15495757.882312126,22114662.93494904
127,-1484688.77538849,-15496744.360709948,22114123.82050782
128,-1482216.1021977775,-15497730.974948075,22113584.260090865
129,-1479743.5507461973,-15498717.719970176,22113044.25406134
130,-1477271.1236515932,-15499704.595035315,22112503.80276334
131,-1474798.8160711897,-15500691.60152858,22111962.905523065
132,-1472326.633094384,-15501678.737981724,22111421.563038886
133,-1469854.5699462458,-15502666.005782604,22110879.774629157
134,-1467382.6742754858,-15503653.39990032,22110337.540658537
135,-1464910.857895828,-15504640.928196326,22109794.861472487
136,-1462439.1614216045,-15505628.587745158,22109251.736394476
137,-1459967.5875606162,-15506616.37777908,22108708.165783253
138,-1457496.1381408826,-15507604.297632203,22108164.149985183
139,-1455024.808928931,-15508592.348621828,22107619.68832881
140,-1452553.602384319,-15509580.530008486,22107074.781170417
141,-1450082.5204477292,-15510568.84111552,22106529.428857177
142,-1447611.6046171214,-15511557.278987516,22105983.63071944
143,-1445140.7682512642,-15512545.850744916,22105437.387448225
144,-1442670.0522585937,-15513534.553484477,22104890.69836936
145,-1440199.4590985097,-15514523.386466848,22104343.56384059
146,-1437728.9909595756,-15515512.348987428,22103795.984213922
147,-1435258.6437898239,-15516501.442356015,22103247.958806686
148,-1432788.4194840703,-15517490.665885739,22102699.487977475
149,-1430318.3659824478,-15518480.014650274,22102150.57208262
150,-1427848.387574275,-15519469.498410318,22101601.21044117
151,-1425378.5348262151,-15520459.111505548,22101051.403759
152,-1422908.8027607757,-15521448.855335617,22100501.15134725
153,-1420439.194175926,-15522438.729130393,22099950.453565955
154,-1417969.7110565,-15523428.732199244,22099399.31077288
155,-1415500.3491701856,-15524418.865858931,22098847.722287796
156,-1413031.1107051962,-15525409.129404832,22098295.688464735
157,-1410562.0432632968,-15526399.518006552,22097743.209658913
158,-1408093.0517879773,-15527390.041239627,22097190.285188384
159,-1405624.1861909602,-15528380.69356428,22096636.915763617
160,-1403155.4418339534,-15529371.476348216,22096083.100691278
161,-1400686.8213112804,-15530362.388835708,22095528.8403372
162,-1398218.3266754097,-15531353.430339247,22094974.13505454
163,-1395749.9535815301,-15532344.602185452,22094418.984158657
164,-1393281.7500354054,-15533335.899550352,22093863.388012838
165,-1390813.6269983812,-15534327.329924462,22093307.34697105
166,-1388345.62569231,-15535318.890534772,22092750.860350486
167,-1385877.7506856655,-15536310.579978341,22092193.928859234
168,-1383409.9976797206,-15537302.399591913,22091636.55179948
169,-1380942.3686352351,-15538294.34866707,22091078.729546387
170,-1378474.865920923,-15539286.426492723,22090520.46245189
171,-1376007.5311214523,-15540278.63032344,22089961.74983045
172,-1373540.2749535267,-15541270.967561511,22089402.592040665
173,-1371073.1451463846,-15542263.43346717,22088842.989438824
174,-1368606.137649495,-15543256.029326025,22088282.941344704
175,-1366139.256895209,-15544248.753752343,22087722.44846743
176,-1363672.4984947299,-15545241.608085718,22087161.510108244
177,-1361205.864476484,-15546234.591620961,22086600.126637697
178,-1358739.3576613588,-15547227.703607757,22086038.29840995
179,-1356273.0186849027,-15548220.941433934,22085476.024742123
180,-1353806.7588504672,-15549214.312339898,22084913.305988073
181,-1351340.6262038804,-15550207.811603721,22084350.142516896
182,-1348874.616175358,-15551201.440570729,22083786.533633497
183,-1346408.7309294664,-15552195.198543124,22083222.479696155
184,-1343942.9729242385,-15553189.084783198,22082657.981074784
185,-1341477.337703225,-15554183.10062615,22082093.037072677
186,-1339011.8755351922,-15555177.240740832,22081527.648405183
187,-1336546.4906540527,-15556171.514325058,22080961.81437795
188,-1334081.2307189628,-15557165.91675729,22080395.53535068
189,-1331616.0985274278,-15558160.447270853,22079828.811694764
190,-1329151.089510058,-15559155.107210388,22079261.64271072
191,-1326686.2055138743,-15560149.895900344,22078694.028762646
192,-1324221.4492914139,-15561144.812587924,22078125.9702157
193,-1321756.8162734562,-15562139.858617423,22077557.466368776
194,-1319292.3569097403,-15563135.028692832,22076988.517948814
195,-1316827.9750257428,-15564130.331931232,22076419.12425355
196,-1314363.7186657179,-15565125.763733149,22075849.28564851
197,-1311899.5904688914,-15566121.323355902,22075279.002500307
198,-1309435.5856398162,-15567117.01216243,22074708.274105065
199,-1306971.7066361762,-15568112.829415523,22074137.100836266
200,-1304507.9559614458,-15569108.774389066,22073565.483057827
201,-1302044.3742708988,-15570104.844639871,22072993.420067813
202,-1299580.875481162,-15571101.046359763,22072420.912590537
203,-1297117.5001088865,-15572097.37711429,22071847.959919382
204,-1294654.251064789,-15573093.836128652,22071274.56242929
205,-1292191.130399009,-15574090.42271474,22070700.720485594
206,-1289728.1334520867,-15575087.138218189,22070126.43338361
207,-1287265.262976541,-15576083.98188754,22069551.70149199
208,-1284802.5209090202,-15577080.953043994,22068976.52517689
209,-1282339.9487441466,-15578078.049228562,22068400.903735623
210,-1279877.4594672418,-15579075.276586704,22067824.837900557
211,-1277415.0944119252,-15580072.632675013,22067248.326960724
212,-1274952.8561039425,-15581070.116761182,22066671.371286195
213,-1272490.7463662364,-15582067.728175512,22066093.971244566
214,-1270028.7610381588,-15583065.468212051,22065516.12613399
215,-1267566.9023960931,-15584063.336163918,22064937.836321767
216,-1265105.2186641893,-15585061.327589545,22064359.102179997
217,-1262643.6134490964,-15586059.451287387,22063779.92299795
218,-1260182.1352897934,-15587057.702787787,22063200.2991438
219,-1257720.7860761592,-15588056.08140037,22062620.2309977
220,-1255259.561807448,-15589054.588421086,22062039.717843704
221,-1252798.4665720644,-15590053.222493254,22061458.760416836
222,-1250337.4964829383,-15591051.984903712,22060877.358000066
223,-1247876.6990353668,-15592050.871311858,22060295.510973874
224,-1245415.985410454,-15593049.888309129,22059713.219708953
225,-1242955.396665797,-15594049.033572828,22059130.483490236
226,-1240494.9353043167,-15595048.306378173,22058547.30268817
227,-1238034.603442249,-15596047.706016326,22057963.67768522
228,-1235574.396739186,-15597047.233810222,22057379.60776106
229,-1233114.3197366062,-15598046.88836706,22056795.093655217
230,-1230654.3682301608,-15599046.670993961,22056210.13464993
231,-1228194.5898066636,-15600046.577412087,22055624.731120706
232,-1225734.895373088,-15601046.614115912,22055038.883440472
233,-1223275.3267368258,-15602046.778772434,22054452.59089713
234,-1220815.885583538,-15603047.070726559,22053865.85385971
235,-1218356.5745055487,-15604047.489226904,22053278.6727167
236,-1215897.3891181147,-15605048.035609605,22052691.046736054
237,-1213438.3337350704,-15606048.70849997,22052102.976661786
238,-1210979.449938167,-15607049.505647121,22051514.461775444
239,-1208520.6482974007,-15608050.433457699,22050925.50245845
240,-1206061.976961826,-15609051.48765854,22050336.09908605
241,-1203603.4316143438,-15610052.669565087,22049746.25093446
242,-1201145.0141671763,-15611053.978504114,22049155.958374955
243,-1198686.7274844185,-15612055.413693704,22048565.221805714
244,-1196228.5667051391,-15613056.976511214,22047974.04048658
245,-1193770.5366192341,-15614058.665540481,22047382.41516977
246,-1191312.678469351,-15615060.478620887,22046790.34512882
247,-1188854.9027331902,-15616062.422057124,22046197.830740023
248,-1186397.2579911482,-15617064.49158772,22045604.872392002
249,-1183939.7395634213,-15618066.68856041,22045011.46935291
250,-1181482.3494977378,-15619069.012286257,22044417.621999964
251,-1179025.090613264,-15620071.461997662,22043823.330726318
252,-1176567.9581630493,-15621074.039062425,22043228.594787363
253,-1174111.0024474962,-15622076.738634428,22042633.41494729
254,-1171654.1275167132,-15623079.568927856,22042037.79047147
255,-1169197.3815857705,-15624082.525771432,22041441.721742272
256,-1166740.7668381205,-15625085.608461011,22040845.209143177
257,-1164284.2785942985,-15626088.818343332,22040248.251937933
258,-1161827.9196286313,-15627092.15466495,22039650.85051348
259,-1159371.6920555502,-15628095.616716655,22039053.005261615
260,-1156915.5911508922,-15629099.205858411,22038454.71543697
261,-1154459.66549722,-15630102.917958703,22037855.98142366
262,-1152003.8255503355,-15631106.759085767,22037256.803614277
263,-1149548.1125725978,-15632110.727184974,22036657.181269318
264,-1147092.5313302756,-15633114.820848677,22036057.115148053
265,-1144637.0770529916,-15634119.041424295,22035456.60451355
266,-1142181.752470117,-15635123.388172721,22034855.649747573
267,-1139726.5596732337,-15636127.860391429,22034254.251240484
268,-1137271.5399933103,-15637132.456069337,22033652.40825755
269,-1134816.6040962993,-15638137.181175886,22033050.121177547
270,-1132361.8001943163,-15639142.031636434,22032447.390399266
271,-1129907.123882723,-15640147.008791821,22031844.21516749
272,-1127452.5795394015,-15641152.111247709,22031240.596257266
273,-1124998.162827076,-15642157.340324445,22030636.532923564
274,-1122543.876247425,-15643162.695300085,22030032.025550384
275,-1120089.7674668562,-15644168.172198527,22029427.074537985
276,-1117635.740704037,-15645173.77890491,22028821.67913211
277,-1115181.8442157186,-15646179.51141409,22028215.83971764
278,-1112728.0799547685,-15647185.369012477,22027609.556703214
279,-1110274.4436086116,-15648191.353039017,22027002.82932541
280,-1107820.939918294,-15649197.462068545,22026395.658367608
281,-1105367.564160736,-15650203.697458725,22025788.043072835
282,-1102914.3187235154,-15651210.05849604,22025179.98382736
283,-1100461.2519101847,-15652216.541207727,22024571.481041342
284,-1098008.2675289437,-15653223.153394686,22023962.533952326
285,-1095555.4137683862,-15654229.891110819,22023353.14295124
286,-1093102.6925359925,-15655236.753655674,22022743.308441523
287,-1090650.0998614694,-15656243.742344009,22022133.02965529
288,-1088197.6399605752,-15657250.855777394,22021522.307388082
289,-1085745.308771774,-15658258.095271785,22020911.140874725
290,-1083293.154279174,-15659265.456954595,22020299.530507576
291,-1080841.0869022754,-15660272.94646157,22019687.47669148
292,-1078389.1481511919,-15661280.561948605,22019074.978659607
293,-1075937.34025241,-15662288.302698046,22018462.036812782
294,-1073485.6658881654,-15663296.167961024,22017848.65155297
295,-1071034.1204276585,-15664304.159092642,22017234.822111648
296,-1068582.7081548884,-15665312.274700105,22016620.549281333
297,-1066131.424758744,-15666320.51612157,22016005.832288552
298,-1063680.3186780415,-15667328.879491441,22015390.67154327
299,-1061229.300125846,-15668337.370351857,22014775.067445047
300,-1058778.4106588431,-15669345.986908935,22014159.019226406
301,-1056327.652572375,-15670354.728450924,22013542.52728284
302,-1053877.0283204385,-15671363.594244972,22012925.59201864
303,-1051426.5333174998,-15672372.585631827,22012308.212668512
304,-1048976.1696754785,-15673381.701901522,22011690.389636472
305,-1046525.9861060656,-15674390.939243266,22011072.123320032
306,-1044075.8859693788,-15675400.305156438,22010453.41294832
307,-1041625.9195975512,-15676409.795171559,22009834.259316362
308,-1039176.0830896795,-15677419.410583349,22009214.66165608
309,-1036726.3782152663,-15678429.150704587,22008594.620373007
310,-1034276.8076113203,-15679439.014801132,22007974.135865994
311,-1031827.366328082,-15680449.004242258,22007353.207361482
312,-1029378.0573897243,-15681459.118257819,22006731.835265838
313,-1026928.9288918262,-15682469.353126816,22006110.01998655
314,-1024479.8838968818,-15683479.716254411,22005487.760744516
315,-1022030.973467001,-15684490.203177216,22004865.058343146
316,-1019582.1930867567,-15685500.815240834,22004241.912002232
317,-1017133.5449814582,-15686511.551727807,22003618.32212959
318,-1014685.0313762294,-15687522.411920726,22002994.289134152
319,-1012236.647869972,-15688533.397157481,22002369.81223405
320,-1009788.4429434454,-15689544.503738187,22001744.891841874
321,-1007340.3267699043,-15690555.7368881,22001119.528359625
322,-1004892.34060795,-15691567.094998783,22000493.721003745
323,-1002444.4895828578,-15692578.576612817,21999867.47059006
324,-999996.7688147917,-15693590.183103805,21999240.776329998
325,-997549.1807793927,-15694601.91373297,21998613.638637606
326,-995101.7279767724,-15695613.767781505,21997986.057912417
327,-992654.4054802386,-15696625.746609569,21997358.03337593
328,-990207.2619306118,-15697637.846560953,21996729.56544701
329,-987760.2076592463,-15698650.072738454,21996100.654525995
330,-985313.2839713411,-15699662.423583439,21995471.29982885
331,-982866.4957184838,-15700674.897667412,21994841.502168134
332,-980419.8380212245,-15701687.496362854,21994211.26075083
333,-977973.313742381,-15702700.218896393,21993580.57600118
334,-975526.9246963644,-15703713.064592417,21992949.448321
335,-973080.7130121646,-15704726.031899393,21992317.876923446
336,-970634.5883834673,-15705739.125835355,21991685.862225767
337,-968188.5992422461,-15706752.342828633,21991053.404630616
338,-965742.7414845662,-15707765.68418162,21990420.50335738
339,-963297.0173346251,-15708779.149177054,21989787.158820286
340,-960851.4286063443,-15709792.737138985,21989153.3714228
341,-958405.9714470292,-15710806.4493489,21988519.140386634
342,-955960.6962310269,-15711820.281631256,21987884.466514852
343,-953515.5062599932,-15712834.240929496,21987249.349024102
344,-951070.4500537522,-15713848.323702134,21986613.788330045
345,-948625.5298831784,-15714862.529245283,21985977.784837563
346,-946180.7414388484,-15715876.858868223,21985341.337765675
347,-943736.086648548,-15716891.311887685,21984704.447518975
348,-941291.5684220195,-15717905.887545262,21984067.114515122
349,-938847.181855796,-15718920.587191096,21983429.337967493
350,-936402.9777127369,-15719935.406679822,21982791.118687652
351,-933958.859088184,-15720950.352859706,21982152.455879863
352,-931514.8748686765,-15721965.422226548,21981513.34996214
353,-929071.0270263054,-15722980.614083575,21980873.801349588
354,-926627.3112298405,-15723995.929746233,21980233.809252854
355,-924183.7297497783,-15725011.368510827,21979593.374078833
356,-921740.2849237382,-15726026.929653479,21978952.496247485
357,-919297.018627584,-15727042.611793991,21978311.174963832
358,-916853.842660845,-15728058.418958414,21977669.411051895
359,-914410.7991951071,-15729074.349752666,21977027.20370757
360,-911967.8903614283,-15730090.403459528,21976384.553355187
361,-909525.1183154836,-15731106.579382127,21975741.460404128
362,-907082.4787266296,-15732122.878835445,21975097.924060695
363,-904639.9739321675,-15733139.301095707,21974453.944746025
364,-902197.6063166665,-15734155.84545294,21973809.522870395
365,-899755.417481867,-15735172.510590076,21973164.657642454
366,-897313.3194773004,-15736189.300412135,21972519.349882737
367,-894871.3543847838,-15737206.213588975,21971873.5987827
368,-892429.5242651412,-15738223.249396272,21971227.404777043
369,-889987.8314802336,-15739240.407130985,21970580.76827343
370,-887546.2718369911,-15740257.688094413,21969933.68847776
371,-885104.847169501,-15741275.091602368,21969286.16580548
372,-882663.6062506963,-15742292.61434406,21968638.2006691
373,-880222.4521579765,-15743310.262816394,21967989.79228095
374,-877781.4356925398,-15744328.033032997,21967340.94146208
375,-875340.5524799682,-15745345.926321588,21966691.647403564
376,-872899.8045357312,-15746363.94197108,21966041.910534382
377,-870459.194565157,-15747382.079259668,21965391.731264405
378,-868018.7178476473,-15748400.339506542,21964741.108803306
379,-865578.4230623955,-15749418.719457818,21964090.04356477
380,-863138.2199138692,-15750437.223499678,21963438.535967577
381,-860698.1503873428,-15751455.85038767,21962786.585211676
382,-858258.2166375814,-15752474.599425009,21962134.19171158
383,-855818.4208863194,-15753493.46989476,21961481.355895072
384,-853378.7586898901,-15754512.463116743,21960828.076956425
385,-850939.2348989452,-15755531.57769513,21960174.355718713
386,-848499.8447932436,-15756550.81494804,21959520.19138735
387,-846060.636938602,-15757570.171692202,21958865.584374167
388,-843621.5213799065,-15758589.652167281,21958210.535108346
389,-841182.5396460083,-15759609.255217057,21957555.04278148
390,-838743.6942576373,-15760628.980119647,21956899.10781437
391,-836304.9872766585,-15761648.826177767,21956242.730628964
392,-833866.4144893693,-15762668.794698477,21955585.91041515
393,-831427.9803542692,-15763688.884290945,21954928.648012772
394,-828989.7264244653,-15764709.0938555,21954270.942610636
395,-826551.5630020656,-15765729.427527234,21953612.794630956
396,-824113.538371114,-15766749.882170929,21952954.20449713
397,-821675.6479741546,-15767770.459111402,21952295.171396278
398,-819237.8942616532,-15768791.157619739,21951635.695759755
399,-816800.2795021158,-15769811.976993382,21950975.778007664
400,-814362.7995048664,-15770832.918532347,21950315.41732962
401,-811925.4583387437,-15771853.980877375,21949654.61456178
402,-809488.2979253957,-15772875.162967293,21948993.368888564
403,-807051.2285638152,-15773896.468810158,21948331.680742703
404,-804614.2983094684,-15774917.895346368,21947669.55054576
405,-802177.5026278315,-15775939.443893153,21947006.97748462
406,-799740.8441538485,-15776961.113723733,21946343.961984675
407,-797304.3250408801,-15777982.904141603,21945680.504468292
408,-794867.9410288887,-15779004.816438718,21945016.60412901
409,-792431.7427781016,-15780026.846921545,21944352.261803355
410,-789995.6331018865,-15781049.001566952,21943687.476675436
411,-787559.6610172521,-15782071.277312087,21943022.24917213
412,-785123.8283327266,-15783093.673477678,21942356.57971716
413,-782688.1312480471,-15784116.19133249,21941690.467501424
414,-780252.5715494056,-15785138.830203814,21941023.91294423
415,-777817.1515716312,-15786161.589369262,21940356.91648271
416,-775381.8669882015,-15787184.470140437,21939689.477293607
417,-772946.7663612075,-15788207.46954866,21939021.5958013
418,-770511.7595546144,-15789230.591406116,21938353.272443697
419,-768076.8881888677,-15790253.834767489,21937684.506395955
420,-765642.1569049585,-15791277.198245324,21937015.298504863
421,-763207.5613991612,-15792300.683144225,21936345.647948634
422,-760773.1038241439,-15793324.2887677,21935675.55515304
423,-758338.7863994532,-15794348.014399104,21935005.02055744
424,-755904.6511144682,-15795371.859133052,21934334.043334294
425,-753470.6077239985,-15796395.826702192,21933662.623910163
426,-751036.7046671299,-15797419.914165048,21932990.762729518
427,-748602.9376661208,-15798444.122847274,21932318.45895054
428,-746169.3110835856,-15799468.451358262,21931645.713437114
429,-743735.8205940677,-15800492.90100878,21930972.525358863
430,-741302.4683721396,-15801517.471095605,21930298.89514803
431,-738869.257052072,-15802542.160894085,21929624.823237937
432,-736436.228418038,-15803566.969566258,21928950.308796614
433,-734003.2916462383,-15804591.900744243,21928275.352261316
434,-731570.4958668033,-15805616.951518185,21927599.954074625
435,-729137.8365951178,-15806642.123217331,21926924.113394536
436,-726705.3182632755,-15807667.414459452,21926247.831081007
437,-724272.9363164464,-15808692.826565398,21925571.106299337
438,-721840.6932035015,-15809718.358808013,21924893.939492464
439,-719408.6376664451,-15810744.008371022,21924216.331091765
440,-716976.6724553497,-15811769.780794412,21923538.280265093
441,-714544.8459640563,-15812795.673270361,21922859.787443582
442,-712113.1609863456,-15813821.685056401,21922180.853072148
443,-709681.6127153444,-15814847.81748993,21921501.47630856
444,-707250.2059498898,-15815874.069166804,21920821.658021532
445,-704818.936020652,-15816900.441412272,21920141.39737203
446,-702387.8518279531,-15817926.931448262,21919460.694796793
447,-699956.8627631619,-15818953.542704863,21918779.55072942
448,-697526.0106025101,-15819980.274420056,21918097.964341983
449,-695095.2980503441,-15821007.125878807,21917415.93606358
450,-692664.7272319765,-15822034.096363153,21916733.46634569
451,-690234.2934336571,-15823061.18721101,21916050.554337475
452,-687804.0015240923,-15824088.39702741,21915367.200903624
453,-685373.8470165916,-15825115.727111496,21914683.405213524
454,-682943.8788129993,-15826143.174749492,21913999.167701945
455,-680514.0059329532,-15827170.743265688,21913314.488808986
456,-678084.2705931372,-15828198.43194776,21912629.36769388
457,-675654.6751523212,-15829226.24009628,21911943.80478795
458,-673225.2217799571,-15830254.166979743,21911257.80055356
459,-670795.906085971,-15831282.213927153,21910571.354131196
460,-668366.7304736907,-15832310.380225793,21909884.4659616
461,-665937.7434942857,-15833338.663204871,21909197.136499476
462,-663508.8480006146,-15834367.068107583,21908509.364879295
463,-661080.0948423148,-15835395.591564294,21907821.151997678
464,-658651.4796297211,-15836424.234903691,21907132.496992327
465,-656223.0048811603,-15837452.997408506,21906443.400305398
466,-653794.6723752279,-15838481.878374916,21905753.862393044
467,-651366.4781834547,-15839510.879112316,21905063.882391308
468,-648938.4244078066,-15840539.998909213,21904373.460751794
469,-646510.5597159384,-15841569.235153656,21903682.597927246
470,-644082.7868202946,-15842598.592972487,21902991.293052014
471,-641655.1567796123,-15843628.069057323,21902299.54701869
472,-639227.665182579,-15844657.664743073,21901607.358956244
473,-636800.3141755024,-15845687.379304709,21900914.72932635
474,-634373.1061833132,-15846717.212023476,21900221.65857886
475,-631946.0368396202,-15847747.164220668,21899528.145849735
476,-629519.1547883641,-15848777.233347591,21898834.19158426
477,-627092.3691899936,-15849807.422391595,21898139.796237428
478,-624665.722630869,-15850837.73079573,21897444.958947875
479,-622239.2190070074,-15851868.157189026,21896749.680608403
480,-619812.8544137509,-15852898.702874219,21896053.960352223
481,-617386.6306768652,-15853929.36716211,21895357.798626006
482,-614960.5505893304,-15854960.14931411,21894661.19588624
483,-612534.6559770743,-15855991.04885492,21893964.15127317
484,-610108.8560063224,-15857022.06868783,21893266.665229958
485,-607683.1996362236,-15858053.206277939,21892568.73821832
486,-605257.6824789781,-15859084.462952496,21891870.369363796
487,-602832.3090064853,-15860115.837318156,21891171.55956372
488,-600407.0746672875,-15861147.33069065,21890472.3079556
489,-597981.981841173,-15862178.942365207,21889772.614984028
490,-595557.0329971061,-15863210.671610445,21889072.481112186
491,-593132.2700564208,-15864242.518016044,21888371.905467212
492,-590707.6020210845,-15865274.48437586,21887670.888494518
493,-588283.0782650774,-15866306.568185937,21886969.430666875
494,-585858.6940326253,-15867338.770792622,21886267.531101074
495,-583434.4537016737,-15868371.090800399,21885565.19070332
496,-581010.353369443,-15869403.529512146,21884862.408598036
497,-578586.3947225985,-15870436.08624891,21884159.185232043
498,-576162.6269282869,-15871468.758572502,21883455.52107963
499,-573738.9525037023,-15872501.55120204,21882751.415254734
500,-571315.4201064303,-15873534.461722437,21882046.868222613
501,-568892.0322534115,-15874567.48941871,21881341.880436454
502,-566468.784073924,-15875600.63564029,21880636.45100857
503,-564045.6783567657,-15876633.899621151,21879930.58042266
504,-561622.7173431587,-15877667.280668184,21879224.26912397
505,-559199.8963226916,-15878700.780112954,21878517.516231954
506,-556777.2666968883,-15879734.394911375,21877810.322659142
507,-554354.7304730203,-15880768.129684541,21877102.68751501
508,-551932.3370702806,-15881801.98203649,21876394.611275967
509,-549510.0886363939,-15882835.951271623,21875686.094393097
510,-547087.9802301716,-15883870.038728813,21874977.135983072
511,-544666.0147820157,-15884904.243661517,21874267.736514345
512,-542244.1942083385,-15885938.565382022,21873557.8964388
513,-539822.5608900784,-15886973.003608823,21872847.614880368
514,-537401.0260161227,-15888007.560126603,21872136.89275163
515,-534979.63178195,-15889042.234670645,21871425.729162127
516,-532558.3806555697,-15890077.026510622,21870714.124581795
517,-530137.2746686181,-15891111.934954787,21870002.079463884
518,-527716.3096186329,-15892146.96130426,21869289.59292959
519,-525295.4877198454,-15893182.104843276,21868576.665445257
520,-522874.8110260685,-15894217.364873296,21867863.297469474
521,-520454.3221298411,-15895252.741174959,21867149.488112893
522,-518033.9321707059,-15896288.235419681,21866435.23829265
523,-515613.6831824184,-15897323.847393151,21865720.547122747
524,-513193.5776102788,-15898359.57637205,21865005.415071
525,-510773.61762341217,-15899395.421654113,21864289.842597403
526,-508353.7990911316,-15900431.384549756,21863573.828809846
527,-505934.12422725034,-15901467.464343319,21862857.374176994
528,-503514.6414119827,-15902503.658857448,21862140.47916863
529,-501095.25369963236,-15903539.972354384,21861423.142886497
530,-498676.0120907958,-15904576.401956296,21860705.36625681
531,-496256.91171632666,-15905612.949008614,21859987.14837575
532,-493837.9551815147,-15906649.612771358,21859268.489722375
533,-491419.14479310333,-15907686.39253205,21858549.39076343
534,-489000.47616741026,-15908723.289614724,21857829.850597933
535,-486581.95130855346,-15909760.303304154,21857109.86970134
536,-484163.61961756856,-15910797.43146074,21856389.44853679
537,-481745.3830593317,-15911834.67826541,21855668.5862016
538,-479327.29056464,-15912872.041555665,21854947.2831811
539,-476909.344488728,-15913909.52063575,21854225.53993026
540,-474491.54065349966,-15914947.11679908,21853503.355562784
541,-472073.88313342363,-15915984.828678563,21852780.73099761
542,-469656.36766128987,-15917022.657594169,21852057.66532934
543,-467239.04342350515,-15918060.601433376,21851334.15904478
544,-464821.81908070756,-15919098.662258111,21850610.212600242
545,-462404.73712720134,-15920136.839984355,21849885.82510676
546,-459987.79949941207,-15921175.133916648,21849160.99702945
547,-457571.0089220751,-15922213.543342853,21848435.728830017
548,-455154.3605673457,-15923252.069562607,21847710.019626863
549,-452737.8595290899,-15924290.711185614,21846983.8703389
550,-450321.5474485171,-15925329.468227467,21846257.280060854
551,-447905.333402379,-15926368.342607375,21845530.24927279
552,-445489.2667863519,-15927407.332292888,21844802.778433323
553,-443073.34265696025,-15928446.43858611,21844074.866658174
554,-440657.5635071631,-15929485.660781918,21843346.51441021
555,-438241.9317361513,-15930524.998171939,21842617.722157907
556,-435826.4427037138,-15931564.452061517,21841888.4890063
557,-433411.1010395441,-15932604.021074278,21841158.815878768
558,-430995.94914971374,-15933643.705248741,21840428.70187473
559,-428580.8956918395,-15934683.506407343,21839698.147472046
560,-426165.98973795294,-15935723.422584368,21838967.15313153
561,-423751.22715649795,-15936763.455058852,21838235.717964653
562,-421336.609722199,-15937803.6031514,21837503.84243193
563,-418922.14011040283,-15938843.866134468,21836771.52701323
564,-416507.8135430939,-15939884.24532216,21836038.77080474
565,-414093.68176161556,-15940924.738108734,21835305.574738838
566,-411679.6465783739,-15941965.348253973,21834571.937901415
567,-409265.7568278429,-15943006.073824227,21833837.86077271
568,-406852.0152789447,-15944046.914096039,21833103.34382945
569,-404438.4171539631,-15945087.8703829,21832368.3861651
570,-402024.9648515788,-15946128.941976946,21831632.988251537
571,-399611.6607703379,-15947170.128170539,21830897.150561806
572,-397198.50024870463,-15948211.430273792,21830160.872187696
573,-394785.53498047544,-15949252.845728245,21829424.154075276
574,-392372.6664753816,-15950294.378191879,21828686.995301478
575,-389959.9439621893,-15951336.025772277,21827949.396353398
576,-387547.37004899204,-15952377.787763031,21827211.35770087
577,-385134.939958609,-15953419.665476488,21826472.878433004
578,-382722.6561338966,-15954461.658191826,21825733.959033176
579,-380310.520834665,-15955503.765211215,21824994.599972054
580,-377898.57655836263,-15956545.986720713,21824254.800341748
581,-375486.73189832846,-15957588.324241824,21823514.560617216
582,-373075.03566680284,-15958630.775967045,21822773.88126999
583,-370663.4840826533,-15959673.343166115,21822032.761399776
584,-368252.0811703653,-15960716.024485163,21821291.201940365
585,-365840.8224077142,-15961758.821223276,21820549.201981105
586,-363429.7105410159,-15962801.732665353,21819806.761998452
587,-361018.79440671235,-15963844.75706053,21819063.88246531
588,-358607.9759118559,-15964887.897818608,21818320.562478684
589,-356197.30423820537,-15965931.153173588,21817576.802511226
590,-353786.7816450197,-15966974.522427939,21816832.603036698
591,-351376.40388739115,-15968018.006861754,21816087.9631505
592,-348966.17519887246,-15969061.605122602,21815342.883786224
593,-346556.0913347665,-15970105.318490377,21814597.36403819
594,-344146.15467041044,-15971149.146265045,21813851.40438046
595,-341736.4142046638,-15972193.086743023,21813105.005292863
596,-339326.77175157715,-15973237.143233534,21812358.165858787
597,-336917.27651709283,-15974281.314027488,21811610.886553127
598,-334507.9308268692,-15975325.598407593,21810863.167865872
599,-332098.7303698943,-15976369.997673368,21810115.008874163
600,-329689.67930711026,-15977414.51046172,21809366.41052531
601,-327280.77369875595,-15978459.13805812,21808617.371900067
602,-324872.0624262055,-15979503.878817491,21807867.89347471
603,-322463.4539913391,-15980548.733937323,21807117.975740615
604,-320054.9909356385,-15981593.703757055,21806367.617772266
605,-317646.67565628194,-15982638.7875705,21805616.820051443
606,-315238.51031768887,-15983683.984676281,21804865.583061073
607,-312830.4903769352,-15984729.29637792,21804113.905873947
608,-310422.6205038182,-15985774.721289951,21803361.789451223
609,-308014.89638820227,-15986820.26071122,21802609.23286461
610,-305607.3670741179,-15987865.913044142,21801856.236597367
611,-303199.9408529466,-15988911.679388849,21801102.801133774
612,-300792.6606404766,-15989957.56013411,21800348.925543927
613,-298385.52852901793,-15991003.554567393,21799594.6103213
614,-295978.54666027526,-15992049.661994018,21798839.855946384
615,-293571.71086322627,-15993095.883703545,21798084.66149233
616,-291165.0230468325,-15994142.219005482,21797329.027439352
617,-288758.53301877686,-15995188.666325748,21796572.95428291
618,-286352.1418557669,-15996235.228677817,21795816.44108981
619,-283945.90152348665,-15997281.903834984,21795059.488813236
620,-281539.80731401796,-15998328.693083659,21794302.09653312
621,-279133.8616015225,-15999375.59572498,21793544.264731046
622,-276728.06664355716,-16000422.611062346,21792785.99388974
623,-274322.4181981148,-16001469.74037363,21792027.283087496
624,-271916.9183840856,-16002516.982970856,21791268.13280204
625,-269511.6163572977,-16003564.337342521,21790508.543535866
626,-267106.41391615296,-16004611.806387194,21789748.51434198
627,-264701.362606899,-16005659.38793704,21788988.04618273
628,-262296.45795501693,-16006707.083273498,21788227.138133764
629,-259891.70198491882,-16007754.891703798,21787465.79067891
630,-257487.09744189575,-16008802.812517311,21786704.00430789
631,-255082.63957416147,-16009850.847012201,21785941.778085213
632,-252678.37779687406,-16010898.993754018,21785179.11249082
633,-250274.22037622804,-16011947.253499156,21784416.008039035
634,-247870.20988174636,-16012995.62681661,21783652.46377373
635,-245466.3510749662,-16014044.11232817,21782888.480666477
636,-243062.6389714191,-16015092.71133486,21782124.057779104
637,-240659.07641060368,-16016141.423131445,21781359.195597697
638,-238255.66548302927,-16017190.247005388,21780593.89462374
639,-235852.40153165133,-16018239.184258595,21779828.1539127
640,-233449.33425127112,-16019288.233503366,21779061.97395151
641,-231046.3718137909,-16020337.395396668,21778295.355247244
642,-228643.55658092536,-16021386.670566693,21777528.296839435
643,-226240.8932415718,-16022436.05762435,21776760.799713653
644,-223838.3772555844,-16023485.557869274,21775992.86292264
645,-221436.01136808682,-16024535.170592267,21775224.486959536
646,-219033.79727470246,-16025584.895098858,21774455.672318503
647,-216631.77789533715,-16026634.732046733,21773686.418050703
648,-214229.86129170007,-16027684.682013933,21772916.724650037
649,-211828.0969381373,-16028734.743627524,21772146.592630774
650,-209426.48046150088,-16029784.918203402,21771376.021028016
651,-207025.01615549487,-16030835.204371085,21770605.01082226
652,-204623.69971387007,-16031885.603426343,21769833.561061896
653,-202222.53355392133,-16032936.114658553,21769061.672247093
654,-199821.56689660807,-16033986.736767668,21768289.344883993
655,-197420.70101463917,-16035037.472245816,21767516.578009687
656,-195019.98566475703,-16036088.319791818,21766743.372120403
657,-192619.42293610531,-16037139.278693072,21765969.72772311
658,-190219.00828965782,-16038190.350247715,21765195.643862944
659,-187818.7440978436,-16039241.533758659,21764421.121032145
660,-185418.6328220011,-16040292.82850247,21763646.15974336
661,-183018.66973977906,-16041344.23579832,21762870.759025637
662,-180618.90657797435,-16042395.753729103,21762094.91987528
663,-178219.2449551967,-16043447.384656187,21761318.641334713
664,-175819.7340467816,-16044499.1273487,21760541.923897587
665,-173420.37596354473,-16045550.98108724,21759764.768077992
666,-171021.16658953953,-16046602.9471773,21758987.172907062
667,-168622.10818009527,-16047655.02492351,21758209.138879273
668,-166223.20300714995,-16048707.213592019,21757430.66651927
669,-163824.49362145414,-16049759.514024766,21756651.754846875
670,-161425.89026202256,-16050811.925799793,21755872.404867724
671,-159027.4359882684,-16051864.449733835,21755092.615610242
672,-156629.13270495116,-16052917.085135108,21754312.38757027
673,-154230.98291724882,-16053969.831267515,21753531.721273974
674,-151832.9822542053,-16055022.689445192,21752750.615743235
675,-149435.13275936077,-16056075.658968523,21751969.071479626
676,-147037.43701007616,-16057128.73911374,21751187.089000437
677,-144639.93732658695,-16058181.930787118,21750404.667316172
678,-142242.54445391207,-16059235.23342373,21749621.80745651
679,-139845.3008484756,-16060288.647914914,21748838.50843575
680,-137448.208553424,-16061342.173560997,21748054.770756867
681,-135051.27037964817,-16062395.809636505,21747270.594938587
682,-132654.48160636902,-16063449.557458002,21746485.97999841
683,-130257.84432103444,-16064503.416312532,21745700.92644995
684,-127861.40841973231,-16065557.385106618,21744915.434807934
685,-125465.07485305575,-16066611.465914274,21744129.50408818
686,-123068.8954325528,-16067665.656961592,21743343.13530545
687,-120672.86578847977,-16068719.959561765,21742556.327474464
688,-118276.98812491997,-16069774.373001,21741769.08111028
689,-115881.26464570027,-16070828.896565601,21740981.39672908
690,-113485.6910035992,-16071883.531561865,21740193.27334884
691,-111090.3167210378,-16072938.276961854,21739404.711475663
692,-108695.04974641456,-16073993.13271051,21738615.711626526
693,-106299.93253029366,-16075048.099776883,21737826.272822738
694,-103904.96999068499,-16076103.176774787,21737036.39607866
695,-101510.15754694161,-16077158.365011746,21736246.08040956
696,-99115.49759206895,-16078213.663785838,21735455.32632292
697,-96720.9924464374,-16079269.072382808,21734664.134337187
698,-94326.63720084785,-16080324.592105277,21733872.503470954
699,-91932.48179755088,-16081380.221966464,21733080.434242405
700,-89538.43432450328,-16082435.961811017,21732287.92716099
701,-87144.53688429117,-16083491.812671779,21731494.98123869
702,-84750.79238215642,-16084547.773831237,21730701.596994568
703,-82357.2027870539,-16085603.844577176,21729907.774948824
704,-79963.76384787574,-16086660.026220914,21729113.514106847
705,-77570.47991884603,-16087716.317374002,21728318.815494146
706,-75177.39380760526,-16088772.719127722,21727523.678115033
707,-72784.41358080618,-16089829.231221994,21726728.10248503
708,-70391.58842390892,-16090885.852703735,21725932.08913568
709,-67998.91429826942,-16091942.584889546,21725135.63706469
710,-65606.3934288121,-16092999.427059388,21724338.746798374
711,-63214.02762222206,-16094056.378514498,21723541.418849286
712,-60821.812862443956,-16095113.440564774,21722743.652218428
713,-58429.75366426545,-16096170.6118084,21721945.447945803
714,-56037.89295585554,-16097227.893398432,21721146.805026326
715,-53646.13821276137,-16098285.284951778,21720347.72398777
716,-51254.53902412361,-16099342.78559612,21719548.20534409
717,-48863.091257351094,-16100400.396641688,21718748.24809355
718,-46471.79706422029,-16101458.11735563,21717947.85277477
719,-44080.65846275831,-16102515.947044836,21717147.019897565
720,-41689.671577282126,-16103573.887012137,21716345.74846355
721,-39298.8875134946,-16104631.935755676,21715544.03950728
722,-36908.20802761019,-16105690.094828691,21714741.89201926
723,-34517.68213838951,-16106748.363376888,21713939.3065396
724,-32127.31233228808,-16107806.740706075,21713136.283579487
725,-29737.094265496868,-16108865.22812004,21712332.82213782
726,-27347.029905239047,-16109923.824905904,21711528.92274056
727,-24957.12203894787,-16110982.530349487,21710724.58591476
728,-22567.36606648185,-16112041.345761372,21709919.81065265
729,-20177.813351566117,-16113100.269695133,21709114.59799334
730,-17788.365389568437,-16114159.303585622,21708308.946927924
731,-15399.071860136917,-16115218.446653226,21707502.857983805
732,-13009.934612580564,-16116277.69818524,21706696.331689496
733,-10620.949398914703,-16117337.059491256,21705889.36703447
734,-8232.118559690542,-16118396.529851401,21705081.964552026
735,-5843.444346422474,-16119456.10857243,21704274.124756422
736,-3454.9698245431564,-16120515.796940474,21703465.846645586
737,-1066.6022360083166,-16121575.594256606,21702657.130758666
738,1321.6083380188468,-16122635.499817023,21701847.97760575
739,3709.666759857127,-16123695.514904564,21701038.38619321
740,6097.568042387337,-16124755.638152057,21700228.357551217
741,8485.316901987559,-16125815.870868614,21699417.890664842
742,10872.911071441431,-16126876.212321328,21698606.986079812
743,13260.348087241335,-16127936.661823917,21697795.644307565
744,15647.585165845689,-16128997.220704589,21696983.86435179
745,18034.714852632973,-16130057.888178682,21696171.646733753
746,20421.687136846245,-16131118.663592616,21695358.991970785
747,22808.50671854545,-16132179.548214916,21694545.899075095
748,25195.168985486467,-16133240.54068567,21693732.369076256
749,27581.678396546697,-16134301.642306624,21692918.400960017
750,29968.032377249718,-16135362.852358878,21692103.995264307
751,32354.1818535049,-16136424.170250267,21691289.152502794
752,34740.22568293849,-16137485.597066725,21690473.871684983
753,37126.11383303662,-16138547.13220429,21689658.153329343
754,39511.844500798135,-16139608.774962677,21688841.997960523
755,41897.42219538999,-16140670.526622947,21688025.404576298
756,44282.841953030664,-16141732.385826798,21687208.37421065
757,46668.10853974026,-16142794.353861136,21686390.90585517
758,49053.17206654003,-16143856.430157956,21685573.00004502
759,51438.12518926294,-16144918.613743404,21684754.657301135
760,53822.92484772183,-16145980.906035585,21683935.876618586
761,56207.56867420936,-16147043.306342322,21683116.658518076
762,58592.054469574854,-16148105.813951012,21682297.0035367
763,60976.38688200474,-16149168.430148043,21681476.91066284
764,63360.5609261138,-16150231.153569646,21680656.380940024
765,65744.58143400284,-16151293.985521372,21679835.41334017
766,68128.39844772611,-16152356.925478494,21679014.00841097
767,70512.10465127317,-16153419.972348649,21678192.166680682
768,72895.65698098173,-16154483.127611915,21677369.887135014
769,75279.053047332,-16155546.390569871,21676547.17030198
770,77662.29093122673,-16156609.760522105,21675724.01671073
771,80045.37457489666,-16157673.238757389,21674900.42534532
772,82428.29955914019,-16158736.823903695,21674076.397258844
773,84811.02338263922,-16159800.517493641,21673251.9314343
774,87193.63806807926,-16160864.318340497,21672427.028401103
775,89576.09384560716,-16161928.225987997,21671601.6886898
776,91958.39559758651,-16162992.24171967,21670775.911281757
777,94340.54077294719,-16164056.3648249,21669949.69671754
778,96722.5271226177,-16165120.594611762,21669123.045523394
779,99104.35891842423,-16166184.932360176,21668295.95668422
780,101486.03424198162,-16167249.377369404,21667468.430731136
781,103867.50296502985,-16168313.929255048,21666640.468191225
782,106248.86448214175,-16169378.588679338,21665812.068058047
783,108630.06691870175,-16170443.354588883,21664983.231375407
784,111011.11478141345,-16171508.228261635,21664153.957125496
785,113392.0056815979,-16172573.208999936,21663324.24584085
786,115772.73737062296,-16173638.2961121,21662494.098049928
787,118153.31407519105,-16174703.490864292,21661663.512743674
788,120533.6864689819,-16175768.79291557,21660832.490450315
789,122913.9466688696,-16176834.200871423,21660001.031704273
790,125294.05187112546,-16177899.716354743,21659169.135484572
791,127673.99772540935,-16178965.338014256,21658336.802839376
792,130053.78845794949,-16180031.067115692,21657504.03275696
793,132433.4217026033,-16181096.902968418,21656670.825766943
794,134812.89532893468,-16182162.844880093,21655837.18239997
795,137192.16646353397,-16183228.894515516,21655003.101642787
796,139571.32731141214,-16184295.05039623,21654168.584020574
797,141950.32834402777,-16185361.312204445,21653333.63008047
798,144329.17397132335,-16186427.681224199,21652498.23879198
799,146707.85993949158,-16187494.156097023,21651662.41121286
800,149086.39016493404,-16188560.73810441,21650826.146316774
801,151464.7627531439,-16189627.426551836,21649989.444635507
802,153842.97527200298,-16190694.220729439,21649152.306717597
803,156220.98453566106,-16191761.122379974,21648314.731529906
804,158598.88346177188,-16192828.12989424,21647476.719610237
805,160976.62195275546,-16193895.243029129,21646638.271497574
806,163354.20500690505,-16194962.463062063,21645799.3861571
807,165731.6276200288,-16196029.788628835,21644960.06466148
808,168108.89420109976,-16197097.221012572,21644120.305974826
809,170486.00271618695,-16198164.759513203,21643280.1106364
810,172862.90316065247,-16199232.403942535,21642439.479186587
811,175239.69517481877,-16200300.154574167,21641598.410587847
812,177616.32883064283,-16201368.01119849,21640756.90539078
813,179992.80188099135,-16202435.973124709,21639914.96413136
814,182369.11871219357,-16203504.041628769,21639072.58577573
815,184745.27684134096,-16204572.216022482,21638229.77085956
816,187121.2743086419,-16205640.495591402,21637386.519935433
817,189497.11564026045,-16206708.881616352,21636542.831962585
818,191872.74835259156,-16207777.37331049,21635698.708009332
819,194248.27223118616,-16208845.970826954,21634854.14703908
820,196623.63736772456,-16209914.674025444,21634009.1495942
821,198998.84139759772,-16210983.482216854,21633163.716212872
822,201373.8888979209,-16212052.396660354,21632317.845867474
823,203748.77740829153,-16213121.416674811,21631471.539090663
824,206123.50485167358,-16214190.541547107,21630624.796437286
825,208498.0279710939,-16215259.773171531,21629777.616862297
826,210872.43727400553,-16216329.108986156,21628930.001433108
827,213246.6897938342,-16217398.550853902,21628081.94911943
828,215620.78304819166,-16218468.098087387,21627233.46046059
829,217994.71488671302,-16219537.749988215,21626384.5360023
830,220368.48993029023,-16220607.507827628,21625535.174702097
831,222742.1056008499,-16221677.370926583,21624685.377094816
832,225115.55963738472,-16222747.338553887,21623835.14375351
833,227488.80870545178,-16223817.41268032,21622984.47361293
834,229861.94390941446,-16224887.590611916,21622133.367755473
835,232234.92194718376,-16225957.874284314,21621281.825136006
836,234607.7402186513,-16227028.263012372,21620429.846296087
837,236980.39664773433,-16228098.756083015,21619577.431794263
838,239352.8957587311,-16229169.354774762,21618724.580578495
839,241725.23506979345,-16230240.058400987,21617871.29319114
840,244097.36488930264,-16231310.866957672,21617017.570196968
841,246469.38463752693,-16232381.780323593,21616163.41052631
842,248841.24252707494,-16233452.797829285,21615308.815276686
843,251212.94249132022,-16234523.920761773,21614453.783393364
844,253584.4825209783,-16235595.148427526,21613598.315420117
845,255955.86051846397,-16236666.48010677,21612742.4119231
846,258327.08036507817,-16237737.917108016,21611886.071829963
847,260698.1403397475,-16238809.458712397,21611029.295701303
848,263068.99015783484,-16239881.104987547,21610172.084098868
849,265439.7297393634,-16240952.855686244,21609314.43595394
850,267810.3068445985,-16242024.710215716,21608456.35235786
851,270180.7257604181,-16243096.66985696,21607597.83225157
852,272550.9844338262,-16244168.733903259,21606738.87619174
853,274921.0805757761,-16245240.90165193,21605879.48473617
854,277291.01823641075,-16246313.174387718,21605019.656824186
855,279660.7476484152,-16247385.552239118,21604159.39300262
856,282030.36225180567,-16248458.03285583,21603298.69383544
857,284399.8183406293,-16249530.618337486,21602437.55826038
858,286769.11367027776,-16250603.307994664,21601575.98682508
859,289138.2460258794,-16251676.101109747,21600713.980099775
860,291507.2201146182,-16252748.998976363,21599851.537004437
861,293876.03091431264,-16253822.000231607,21598988.65864725
862,296244.63540276006,-16254895.10701788,21598125.34396323
863,298613.1267761303,-16255968.316913398,21597261.593501404
864,300981.4549238929,-16257041.6300666,21596397.40783345
865,303349.6241757489,-16258115.047770498,21595532.785881992
866,305717.6325241176,-16259188.569331491,21594667.728196908
867,308085.4774738315,-16260262.194023378,21593802.23536152
868,310453.16339863604,-16261335.92315206,21592936.30628604
869,312820.68584637955,-16262409.755338022,21592069.942088522
870,315188.0015767336,-16263483.692795774,21591203.14168889
871,317555.2039551034,-16264557.732990252,21590335.90563838
872,319922.24244688865,-16265631.876119664,21589468.23452177
873,322289.12187645026,-16266706.123473704,21588600.127251986
874,324655.83985964867,-16267780.47435915,21587731.584386487
875,327022.39394603204,-16268854.92806341,21586862.606500138
876,329388.7889819597,-16269929.485882187,21585993.19249873
877,331754.97205179906,-16271004.147410462,21585123.34351571
878,334121.04363306536,-16272078.911993755,21584253.058461186
879,336486.9533982867,-16273153.779909803,21583382.33789406
880,338852.69925250846,-16274228.75043891,21582511.182390623
881,341218.28554588946,-16275303.824879305,21581639.590859383
882,343583.7099910024,-16276379.002529234,21580767.563865516
883,345948.97023405856,-16277454.282667411,21579895.10199159
884,348314.0706470998,-16278529.66659846,21579022.204139076
885,350678.95904480404,-16279605.1539721,21578148.871435016
886,353043.7355993598,-16280680.744028961,21577275.102785163
887,355408.3497955897,-16281756.43709245,21576400.898761585
888,357772.7995612996,-16282832.23244946,21575526.25993739
889,360137.08948274096,-16283908.13139242,21574651.18521675
890,362501.21699168906,-16284984.133211946,21573775.67517801
891,364865.18008260976,-16286060.237214541,21572899.73037877
892,367228.93516236363,-16287136.445757367,21572023.34973797
893,369592.57567026187,-16288212.755980548,21571146.53382929
894,371956.051469296,-16289289.168261884,21570269.283216678
895,374319.36688597646,-16290365.683892,21569391.596806485
896,376682.51773078594,-16291442.301494125,21568513.475726467
897,379045.5079522503,-16292519.022360355,21567634.918887354
898,381408.3353602555,-16293595.845780242,21566755.926864322
899,383770.9981648244,-16294672.771048151,21565876.500222698
900,386133.45255389874,-16295749.800594782,21564996.637866113
901,388495.7916621591,-16296826.931457873,21564116.340370566
902,390857.9658763446,-16297904.164043924,21563235.608313203
903,393219.9794257224,-16298981.499652224,21562354.44059054
904,395581.8278625147,-16300058.936905382,21561472.838340312
905,397943.5152971183,-16301136.477105496,21560590.80045795
906,400305.0396585838,-16302214.119539347,21559708.32752088
907,402666.350952956,-16303291.864677377,21558825.420107696
908,405027.5491336162,-16304369.711461218,21557942.077112153
909,407388.5840689916,-16305447.660350693,21557058.299118076
910,409749.45325828064,-16306525.710657623,21556174.08669386
911,412110.1616417386,-16307603.863663007,21555289.438731644
912,414470.7043944183,-16308682.117992353,21554404.35637919
913,416831.0858409658,-16309760.474934839,21553518.83853306
914,419191.2559656363,-16310838.93500939,21552632.88577303
915,421551.3083929171,-16311917.495064553,21551746.498668827
916,423911.19928965875,-16312996.157627186,21550859.67610992
917,426270.92663797963,-16314074.921961356,21549972.41869347
918,428630.48807837104,-16315153.78738281,21549084.726984583
919,430989.88793481735,-16316232.755180225,21548196.599876586
920,433349.12176143884,-16317311.823977288,21547308.03851619
921,435708.1941637582,-16318390.995069236,21546419.04178457
922,438067.0549161666,-16319470.269013995,21545529.61028037
923,440425.7970040763,-16320549.642575106,21544639.744570054
924,442784.37749576,-16321629.11830247,21543749.443544246
925,445142.7941808811,-16322708.695479462,21542858.707791377
926,447501.0444848847,-16323788.373435201,21541967.53787318
927,449859.1328578322,-16324868.153418608,21541075.93270644
928,452217.0547058232,-16325948.034086471,21540183.89342015
929,454574.7667151289,-16327028.018053018,21539291.41890221
930,456932.3625397645,-16328108.101939557,21538398.50974247
931,459289.7915934472,-16329188.286398435,21537505.16650961
932,461647.0583921059,-16330268.572697643,21536611.38810108
933,464004.16110451217,-16331348.960117165,21535717.175102003
934,466361.0968966628,-16332429.447987042,21534822.52808191
935,468717.8704998056,-16333510.03756155,21533927.445942212
936,471074.47955510323,-16334590.72815722,21533031.929252148
937,473430.8737381844,-16335671.52045941,21532135.978598844
938,475787.1534791172,-16336752.412962446,21531239.59287647
939,478143.2661479193,-16337833.405702349,21530342.773225665
940,480499.2165418042,-16338914.499952205,21529445.518528383
941,482855.00190139783,-16339995.695026219,21528547.829366434
942,485210.620017609,-16341076.99020836,21527649.70633395
943,487566.0757842611,-16342158.38676116,21526751.148316868
944,489921.31842354307,-16343239.885445734,21525852.15589227
945,492276.441752228,-16344321.482695926,21524952.729638312
946,494631.4023663933,-16345403.181207629,21524052.8684449
947,496986.19560793595,-16346484.979619866,21523152.573468298
948,499340.8259387163,-16347566.87922184,21522251.843580533
949,501695.2910311433,-16348648.879301082,21521350.679376908
950,504049.5886462801,-16349730.97917136,21520449.081431374
951,506403.7230604518,-16350813.180105718,21519547.048631154
952,508757.64414016064,-16351895.48288642,21518644.58156686
953,511111.4457757577,-16352977.883843284,21517741.680813186
954,513465.0839201836,-16354060.38573854,21516838.345261447
955,515818.5543172891,-16355142.987213954,21515934.57606109
956,518171.86154720787,-16356225.68955415,21515030.372079756
957,520525.0030006176,-16357308.492041446,21514125.733926352
958,522877.9768182094,-16358391.393985035,21513220.662171394
959,525230.7389269498,-16359474.398202226,21512315.15570349
960,527583.3832397865,-16360557.50091968,21511409.215104148
961,529935.8597904217,-16361640.702977015,21510502.84095037
962,532288.1724305213,-16362724.00563834,21509596.032140445
963,534640.3168080264,-16363807.40755616,21508688.78982262
964,536992.2977183025,-16364890.909999942,21507781.112865858
965,539344.1125966795,-16365974.512265505,21506873.001870047
966,541695.711235717,-16367058.215262054,21505964.457407925
967,544047.1938236781,-16368142.017071987,21505055.478375115
968,546398.5103723431,-16369225.918583123,21504146.06534974
969,548749.6585028038,-16370309.919107327,21503236.218916666
970,551100.6424892504,-16371394.01991608,21502325.93795296
971,553451.4580777478,-16372478.219651833,21501415.223616894
972,555802.1096171992,-16373562.519568779,21500504.074795857
973,558152.5943934661,-16374646.918997563,21499592.492069297
974,560502.8627256262,-16375731.418869544,21498680.476023518
975,562853.0147770501,-16376816.017173188,21497768.025538556
976,565203.0002963864,-16377900.714859637,21496855.141194716
977,567552.8168609497,-16378985.511228234,21495941.823590506
978,569902.4689824206,-16380070.407541541,21495028.07159869
979,572251.9546397894,-16381155.40309941,21494113.88580612
980,574601.2710971772,-16382240.497226747,21493199.26680072
981,576950.3749458959,-16383325.692873385,21492284.213453688
982,579299.3578674953,-16384410.98530337,21491368.726935048
983,581648.17609874,-16385496.377471907,21490452.806114934
984,583996.8273805492,-16386581.868687335,21489536.451581586
985,586345.3092156161,-16387667.458266664,21488619.663924314
986,588693.626472571,-16388753.147458756,21487702.442011625
987,591041.7766099044,-16389838.93556754,21486784.78644403
988,593389.7572717986,-16390924.821912438,21485866.697805967
989,595737.5248820893,-16392010.809495052,21484948.174970053
990,598085.1713377325,-16393096.893478451,21484029.219099343
991,600432.6524913104,-16394183.076885318,21483109.82905966
992,602779.9663978977,-16395269.358998194,21482190.005452927
993,605127.1107019709,-16396355.73913673,21481269.74886497
994,607474.0896530492,-16397442.218563916,21480349.05816575
995,609820.901231345,-16398528.796579681,21479427.93394657
996,612167.4948751547,-16399615.474303227,21478506.376794074
997,614513.9713183573,-16400702.24938789,21477584.3855881
998,616860.277912905,-16401789.122291833,21476661.96149036
999,619206.4189298801,-16402876.094284154,21475739.103362374
1000,621552.3923057215,-16403963.164651774,21474815.81180839
1001,623898.1957074326,-16405050.332721232,21473892.087410625
1002,626243.8334588415,-16406137.59973733,21472967.92904634
1003,628589.2550954244,-16407224.9668633,21472043.3373033
1004,630934.5546944512,-16408312.429724377,21471118.312776096
1005,633279.6887562384,-16409399.991405105,21470192.85432885
1006,635624.6523593172,-16410487.650590163,21469266.963127613
1007,637969.4500657778,-16411575.40851467,21468340.638047006
1008,640314.0797595839,-16412663.264489656,21467413.87967613
1009,642658.5389445719,-16413751.217833774,21466486.688611027
1010,645002.8322267736,-16414839.269794695,21465559.063713133
1011,647346.9089971725,-16415927.421595711,21464631.005572442
1012,649690.8634599377,-16417015.668734515,21463702.51479733
1013,652034.651752896,-16418104.014370251,21462773.59024189
1014,654378.2715214996,-16419192.457823575,21461844.232496895
1015,656721.720800942,-16420280.998370316,21460914.442177445
1016,659065.0034487994,-16421369.637316704,21459984.218118586
1017,661408.1154120023,-16422458.373284856,21459053.561515585
1018,663751.0129218181,-16423547.209483644,21458122.471219853
1019,666093.7899131385,-16424636.141341852,21457190.947829336
1020,668436.3959753637,-16425725.170108609,21456258.991943136
1021,670778.835496564,-16426814.29704629,21455326.602411024
1022,673121.106078544,-16427903.52146302,21454393.77983764
1023,675463.2057792679,-16428992.842641,21453460.524834517
1024,677805.1385526083,-16430082.261874912,21452526.836238228
1025,680146.9001518036,-16431171.77780981,21451592.715236805
1026,682488.4469012638,-16432261.39370378,21450658.16067742
1027,684829.8727433138,-16433351.104863191,21449723.173171878
1028,687171.1271447706,-16434440.912603885,21448787.75331568
1029,689512.2146124816,-16435530.818182472,21447851.899954323
1030,691853.1331074263,-16436620.8208924,21446915.613694686
1031,694193.8798732705,-16437710.920057455,21445978.895144768
1032,696534.4595361853,-16438801.116928877,21445041.74314846
1033,698874.8195478574,-16439891.412212793,21444104.15889242
1034,701215.0605605064,-16440981.803077273,21443166.141225297
1035,703555.1319967244,-16442072.290879961,21442227.690749567
1036,705895.0318622619,-16443162.874927474,21441288.80806287
1037,708234.7643577212,-16444253.556466246,21440349.492024038
1038,710574.3271519976,-16445344.334824676,21439409.74322461
1039,712913.718043128,-16446435.20928868,21438469.562286522
1040,715252.941581044,-16447526.181126442,21437528.94803772
1041,717591.9449535946,-16448617.251109935,21436587.9016692
1042,719930.8288190678,-16449708.416283833,21435646.422037125
1043,722269.5428584816,-16450799.678063635,21434704.50973443
1044,724608.0849899176,-16451891.03572999,21433762.16538449
1045,726946.4592841025,-16452982.490571601,21432819.38781252
1046,729284.6636276403,-16454074.041900244,21431876.177618124
1047,731622.6954159121,-16455165.689004948,21430932.5354373
1048,733960.511445906,-16456257.435290314,21429988.460087787
1049,736298.2032589115,-16457349.275137104,21429043.95277085
1050,738635.7268482457,-16458441.211948961,21428099.012326665
1051,740973.0804822524,-16459533.245028134,21427153.639350362
1052,743310.2615565652,-16460625.37366393,21426207.834479373
1053,745647.2744024066,-16461717.59914032,21425261.596528724
1054,747984.1170047099,-16462809.920757368,21424314.926106118
1055,750320.7869231827,-16463902.337812105,21423367.823838077
1056,752657.2403297186,-16464994.853789708,21422420.288537998
1057,754993.5713602945,-16466087.463586722,21421472.320826214
1058,757329.7295829264,-16467180.168702474,21420523.921318296
1059,759665.7195236742,-16468272.970396407,21419575.088837832
1060,762001.5364172352,-16469365.867324429,21418625.824603997
1061,764337.184953362,-16470458.860753166,21417676.127427474
1062,766672.6627140752,-16471551.949986394,21416725.997930024
1063,769007.9189803748,-16472645.13658302,21415775.43673458
1064,771343.0550188717,-16473738.417299915,21414824.442656063
1065,773678.020037972,-16474831.793707592,21413873.01630529
1066,776012.8119796929,-16475925.265093364,21412921.158305947
1067,778347.435249394,-16477018.832721328,21411968.86747736
1068,780681.884962788,-16478112.495254023,21411016.14504315
1069,783016.1657867841,-16479206.253950575,21410062.989815596
1070,785350.2272641374,-16480300.110419525,21409109.402406886
1071,787684.1636216055,-16481394.059366573,21408155.383442126
1072,790017.9308016127,-16482488.104350595,21407200.93174389
1073,792351.5268126995,-16483582.244678164,21406246.047919236
1074,794684.9492156841,-16484676.47964739,21405290.73260011
1075,797018.2023392158,-16485770.810540369,21404334.98458963
1076,799351.2817795692,-16486865.235997513,21403378.805115815
1077,801684.1921589191,-16487959.757263849,21402422.1929986
1078,804016.8824171177,-16489054.376038443,21401465.148846403
1079,806349.4471705846,-16490149.086894032,21400507.673292585
1080,808681.8427612556,-16491243.893445274,21399549.765137546
1081,811014.0662922724,-16492338.795020554,21398591.42500844
1082,813346.1160669047,-16493433.790889591,21397632.653533544
1083,815677.9961729198,-16494528.882345527,21396673.449511614
1084,818009.7024256317,-16495624.068011003,21395713.81418115
1085,820341.1903986685,-16496719.351583932,21394753.746345833
1086,822672.5548419424,-16497814.727567052,21393793.246616226
1087,825003.7452865401,-16498910.197633348,21392832.31563403
1088,827334.7656774948,-16500005.76307525,21391870.95220127
1089,829665.6139584569,-16501101.42318007,21390909.156947397
1090,831996.2879974473,-16502197.177254155,21389946.93049095
1091,834326.7920012218,-16503293.02658417,21388984.27162633
1092,836657.1239676828,-16504388.970431944,21388021.181001857
1093,838987.2326691381,-16505485.010606924,21387057.6592309
1094,841317.2199222333,-16506581.143433174,21386093.705112245
1095,843647.0326693575,-16507677.370011363,21385129.319890525
1096,845976.6750185038,-16508773.691640439,21384164.502351467
1097,848306.1449680936,-16509870.10758222,21383199.253144797
1098,850635.4401684686,-16510966.617161987,21382233.57288528
1099,852964.5649234736,-16512063.221653236,21381267.460369002
1100,855293.46873573,-16513159.922844753,21380300.916234586
1101,857622.2459723674,-16514256.715059241,21379333.94109755
1102,859950.8528365209,-16515353.602039417,21378366.533764474
1103,862279.284567581,-16516450.582446294,21377398.695478406
1104,864607.5457311502,-16517547.657546878,21376430.425026752
1105,866935.6342502517,-16518644.826622019,21375461.723049518
1106,869263.547415201,-16519742.089016356,21374492.59016364
1107,871591.2414028691,-16520839.448526531,21373523.02517302
1108,873918.8109201774,-16521936.899341727,21372553.028712455
1109,876246.205156803,-16523034.443330187,21371582.60140576
1110,878573.4285355229,-16524132.081758108,21370611.742043145
1111,880900.4762966102,-16525229.813287508,21369640.4518721
1112,883227.3533214721,-16526327.6391523,21368668.729687814
1113,885554.057195174,-16527425.558659049,21367696.576126497
1114,887880.5853064782,-16528523.571140395,21366723.99181337
1115,890206.8937295644,-16529621.680465814,21365750.975535944
1116,892533.0775842399,-16530719.880696073,21364777.52793127
1117,894859.0856520864,-16531818.173767446,21363803.649631448
1118,897184.9224532667,-16532916.560932338,21362829.339428447
1119,899510.5833492379,-16534015.040847221,21361854.59857422
1120,901836.0731445288,-16535113.614764014,21360879.42584751
1121,904161.388943425,-16536212.282016048,21359903.821886797
1122,906486.5289331607,-16537311.041877827,21358927.787331663
1123,908811.4491834521,-16538409.8982787,21357951.320959255
1124,911136.2438817411,-16539508.845216526,21356974.42341496
1125,913460.862550154,-16540607.88465626,21355997.095320944
1126,915785.3096860492,-16541707.017842833,21355019.335471004
1127,918109.5806518288,-16542806.243433518,21354041.145121504
1128,920433.679890269,-16543905.562698998,21353062.52304687
1129,922757.6049653237,-16545004.974940421,21352083.469893936
1130,925081.3052313654,-16546104.482177539,21351103.986292377
1131,927404.8824016062,-16547204.080249004,21350124.071014952
1132,929728.2851216025,-16548303.771169165,21349143.724721596
1133,932051.511306528,-16549403.554258242,21348162.94803056
1134,934374.5657921506,-16550503.430733407,21347181.739737473
1135,936697.4457271383,-16551603.399942545,21346200.100472562
1136,939020.149366209,-16552703.461179018,21345218.03086099
1137,941342.6318777911,-16553803.61846831,21344235.529709075
1138,943664.9864893244,-16554903.864933556,21343252.598260876
1139,945987.1688435843,-16556004.204604924,21342269.235291027
1140,948309.1766256432,-16557104.636777272,21341285.441449497
1141,950631.0076308356,-16558205.160777794,21340301.217356715
1142,952952.666168388,-16559305.777837114,21339316.561816346
1143,955274.1497705702,-16560406.487289863,21338331.47545471
1144,957595.4566709426,-16561507.288422715,21337345.958905276
1145,959916.5422959,-16562608.185314352,21336360.010957923
1146,962237.499586384,-16563709.17100635,21335373.63285488
1147,964558.2841908219,-16564810.249550054,21334386.82339112
1148,966878.893718289,-16565911.420260549,21333399.583206575
1149,969199.3263042718,-16567012.68243782,21332411.912929986
1150,971519.5858189707,-16568114.037352676,21331423.81134857
1151,973839.6703978258,-16569215.48430499,21330435.27909078
1152,976159.5289202606,-16570317.025473112,21329446.31680467
1153,978479.2631733173,-16571418.656373862,21328456.92326966
1154,980798.8199823275,-16572520.37853566,21327467.09974475
1155,983118.2035238717,-16573622.193234235,21326476.844995953
1156,985437.4119884798,-16574724.099742917,21325486.159671634
1157,987756.4428654057,-16575826.09738455,21324495.04441507
1158,990075.3004075108,-16576928.187414553,21323503.49800307
1159,992393.9827289796,-16578030.369126234,21322511.52107247
1160,994712.4384865884,-16579132.64478021,21321519.114261225
1161,997030.7695182835,-16580235.00978341,21320526.276344478
1162,999348.9228437443,-16581337.465698605,21319533.0085918
1163,1001666.9027152916,-16582440.013780747,21318539.3097773
1164,1003984.707006255,-16583542.65333762,21317545.180539247
1165,1006302.3329869753,-16584645.383713752,21316550.621516924
1166,1008619.7855126369,-16585748.20612732,21315555.631482877
1167,1010937.0136561543,-16586851.122844925,21314560.211088616
1168,1013254.1123409274,-16587954.12727398,21313564.36096801
1169,1015571.0371636606,-16589057.22362,21312568.079898246
1170,1017887.7839199961,-16590160.410541903,21311571.36914085
1171,1020204.3568612561,-16591263.689293938,21310574.227465685
1172,1022520.7536967181,-16592367.05917868,21309576.65552565
1173,1024836.9720811606,-16593470.519525599,21308578.653956037
1174,1027152.9678263001,-16594574.074579213,21307580.22153139
1175,1029468.8362632355,-16595677.71762966,21306581.35888671
1176,1031784.5258645221,-16596781.451028695,21305582.066670608
1177,1034100.0414404998,-16597885.27597977,21304582.343662243
1178,1036415.3808876512,-16598989.191797376,21303582.19049749
1179,1038730.5414768005,-16600093.197827464,21302581.607819527
1180,1041045.5279193252,-16601197.295286903,21301580.5943997
1181,1043360.3356720464,-16602301.482864317,21300579.15149929
1182,1045674.9202344408,-16603405.76485988,21299577.277901072
1183,1047989.376990038,-16604510.13445522,21298574.974242263
1184,1050303.6547701594,-16605614.594040938,21297572.24116746
1185,1052617.7582856996,-16606719.144833053,21296569.077445347
1186,1054931.6848296241,-16607823.786184574,21295565.483713996
1187,1057245.4323540141,-16608928.517383546,21294561.460631326
1188,1059559.005349899,-16610033.33966729,21293557.00695818
1189,1061872.350424946,-16611138.25484021,21292552.12396646
1190,1064185.5697009913,-16612243.257897127,21291546.81042218
1191,1066498.6117670853,-16613348.351298377,21290541.066964813
1192,1068811.4745757855,-16614453.534332054,21289534.894253656
1193,1071124.1627384515,-16615558.80822708,21288528.29104692
1194,1073436.673526315,-16616664.172330894,21287521.25799115
1195,1075749.0049361503,-16617769.625944436,21286513.79573394
1196,1078061.161458113,-16618875.170304032,21285505.903031908
1197,1080373.089751813,-16619980.807248637,21284497.581173874
1198,1082684.8915285661,-16621086.531701177,21283488.82891533
1199,1084996.5159343611,-16622192.346131383,21282479.64690424
1200,1087307.9608455615,-16623298.249848016,21281470.03578958
1201,1089619.2305098665,-16624404.24410261,21280459.994325314
1202,1091930.3225177315,-16625510.328206928,21279449.523172762
1203,1094241.235009555,-16626616.501460336,21278438.62297547
1204,1096551.9231138958,-16627722.768353276,21277427.2924858
1205,1098862.480096049,-16628829.121110048,21276415.532996934
1206,1101172.861714444,-16629935.56418068,21275403.34325386
1207,1103483.0655597902,-16631042.096877161,21274390.723919358
1208,1105793.0892889919,-16632148.71853096,21273377.67563829
1209,1108102.9374898707,-16633255.430362381,21272364.1971667
1210,1110412.607676209,-16634362.231704464,21271350.289155547
1211,1112722.0979892467,-16635469.121856516,21270335.95225053
1212,1115031.3634644859,-16636576.105343655,21269321.185218778
1213,1117340.4997044853,-16637683.17494736,21268305.988699373
1214,1119649.4558631915,-16638790.333212117,21267290.363364168
1215,1121958.235867394,-16639897.58142543,21266274.30794708
1216,1124266.8356404281,-16641004.918240644,21265257.823734634
1217,1126575.259120041,-16642112.344905036,21264240.90949133
1218,1128883.5046900215,-16643219.860701306,21263223.56586399
1219,1131191.5208181678,-16644327.468296556,21262205.793506876
1220,1133499.4093338093,-16645435.162307328,21261187.591170195
1221,1135807.1198417332,-16646542.945332658,21260168.95949523
1222,1138114.649383411,-16647650.816699432,21259149.899168827
1223,1140422.0026331602,-16648758.77765159,21258130.40891422
1224,1142729.1752513763,-16649866.82685297,21257110.49002868
1225,1145036.1714609244,-16650974.965546506,21256090.141259808
1226,1147342.9400922349,-16652083.19642876,21255069.36325661
1227,1149649.5767523842,-16653191.512066372,21254048.156688258
1228,1151956.0368617359,-16654299.91706587,21253026.520294394
1229,1154262.3180782537,-16655408.410759756,21252004.454724867
1230,1156568.4182146816,-16656516.99243839,21250981.960656047
1231,1158874.3417021523,-16657625.663361378,21249959.036806885
1232,1161180.084400692,-16658734.422163434,21248935.684491783
1233,1163485.649948126,-16659843.270135403,21247911.902447727
1234,1165790.9876561165,-16660952.210000986,21246887.691319548
1235,1168096.1929974137,-16662061.234208003,21245863.05179781
1236,1170401.2214532034,-16663170.34744188,21244837.98259238
1237,1172706.0707373158,-16664279.549007893,21243812.48437445
1238,1175010.7384426272,-16665388.83822006,21242786.55781627
1239,1177315.2292198741,-16666498.216313604,21241760.2016389
1240,1179619.5383898343,-16667607.681985624,21240733.417141944
1241,1181923.6216172376,-16668717.239904748,21239706.20307738
1242,1184227.5742104778,-16669826.882494701,21238678.56009216
1243,1186531.345231788,-16670936.612496404,21237650.48886638
1244,1188834.938967588,-16672046.43117025,21236621.988118406
1245,1191138.3530767737,-16673156.33784962,21235593.058502425
1246,1193441.5854508337,-16674266.331803894,21234563.700712208
1247,1195744.6403977426,-16675376.41429952,21233533.913458094
1248,1198047.5132172257,-16676486.584028259,21232503.69805046
1249,1200350.1598337225,-16677596.845706979,21231473.053224277
1250,1202652.6757295104,-16678707.19164313,21230441.97962865
1251,1204955.0091695487,-16679817.624671511,21229410.477958795
1252,1207257.1651892203,-16680928.14600562,21228378.546922386
1253,1209559.1413047332,-16682038.754981644,21227346.187182225
1254,1211860.9353307795,-16683149.450890537,21226313.399421517
1255,1214162.551331532,-16684260.235015677,21225280.182346307
1256,1216463.9382186055,-16685371.11022128,21224246.53663312
1257,1218765.1920396916,-16686482.068651156,21223212.462959565
1258,1221066.2678155205,-16687593.115157433,21222177.96003006
1259,1223367.1610241325,-16688704.248396363,21221143.029180355
1260,1225667.876214662,-16689815.46961546,21220107.6691138
1261,1227968.411224139,-16690926.77811208,21219071.880508322
1262,1230268.7636469433,-16692038.173201589,21218035.66404293
1263,1232568.937789039,-16693149.656149013,21216999.018419385
1264,1234868.8825366213,-16694261.229872685,21215961.94431646
1265,1237168.6937693702,-16695372.886432594,21214924.442407515
1266,1239468.3264368288,-16696484.630721807,21213886.51140565
1267,1241767.7762830239,-16697596.461385678,21212848.15264455
1268,1244067.047955819,-16698708.379655225,21211809.364829756
1269,1246366.1387292515,-16699820.384885978,21210770.148628477
1270,1248665.0465626977,-16700932.476366684,21209730.504721977
1271,1250963.7269864352,-16702044.65899874,21208690.431820694
1272,1253262.2755397412,-16703156.924768573,21207649.930605613
1273,1255560.6408909543,-16704269.276666325,21206609.001745883
1274,1257858.82756579,-16705381.71593135,21205567.643943843
1275,1260156.8313094934,-16706494.241209365,21204525.858537555
1276,1262454.6559959499,-16707606.853772534,21203483.64424131
1277,1264752.299772349,-16708719.55291941,21202441.00171801
1278,1267049.7110939166,-16709832.341684414,21201397.931657694
1279,1269346.9926194097,-16710945.213879641,21200354.432753496
1280,1271644.092829168,-16712058.172539156,21199310.505688667
1281,1273941.0098051794,-16713171.216942493,21198266.15114758
1282,1276237.7473645941,-16714284.348389897,21197221.36782177
1283,1278534.301718369,-16715397.565484166,21196176.157060277
1284,1280830.6766614555,-16716510.869519109,21195130.51756006
1285,1283126.8703417475,-16717624.259793188,21194084.44998624
1286,1285422.8311450216,-16718737.739382606,21193037.955044165
1287,1287718.6618033159,-16719851.301996911,21191991.03141612
1288,1290014.3108710942,-16720964.950708909,21190943.67979417
1289,1292309.7759882882,-16722078.684848344,21189895.90085188
1290,1294605.0618224454,-16723192.505649462,21188847.693276465
1291,1296900.165782154,-16724306.412419574,21187799.05777389
1292,1299195.0857948312,-16725420.404482495,21186749.995005466
1293,1301489.777294568,-16726534.486878576,21185700.50367646
1294,1303784.3337524661,-16727648.650657412,21184650.58513538
1295,1306078.7104499459,-16728762.900896829,21183600.23806029
1296,1308372.905282795,-16729877.23686656,21182549.46315858
1297,1310666.9159133947,-16730991.657903139,21181498.26109945
1298,1312960.746743101,-16732106.165252332,21180446.63057241
1299,1315254.3953465256,-16733220.758225288,21179394.57227263
1300,1317547.859751529,-16734335.436130052,21178342.08687008
1301,1319841.0951217178,-16735450.20407893,21177289.173065856
1302,1322134.1949814542,-16736565.053014837,21176235.832212847
1303,1324427.1146848623,-16737679.988052715,21175182.062991377
1304,1326719.8524158373,-16738795.008455774,21174127.866098028
1305,1329012.405471917,-16739910.113589918,21173073.24220412
1306,1331304.778331494,-16741025.3046777,21172018.19000808
1307,1333596.9685915841,-16742140.581037086,21170962.710200768
1308,1335888.9250423964,-16743255.945896642,21169906.80346094
1309,1338180.7505135974,-16744371.392654015,21168850.46847224
1310,1340472.390933447,-16745486.92392583,21167793.706591997
1311,1342763.85104533,-16746602.540920878,21166736.516509425
1312,1345055.1284466744,-16747718.242957376,21165678.898916747
1313,1347346.2206570983,-16748834.029376296,21164620.85449409
1314,1349637.1325634397,-16749949.901382435,21163562.38192249
1315,1351927.8124020468,-16751065.862277946,21162503.48189499
1316,1354218.3563902283,-16752181.903436787,21161444.155099142
1317,1356508.719647029,-16753298.03005718,21160384.400227576
1318,1358798.8976024028,-16754414.24082981,21159324.218628816
1319,1361088.8950208991,-16755530.536968451,21158263.60898119
1320,1363378.7091347023,-16756646.917821497,21157202.57197917
1321,1365668.3379077828,-16757763.38267824,21156141.108318325
1322,1367957.7859043148,-16758879.932784464,21155079.216662157
1323,1370247.0015130315,-16759996.571457861,21154016.897725858
1324,1372536.0808260788,-16761113.29000402,21152954.1521793
1325,1374824.9788133886,-16762230.09368412,21151890.978710905
1326,1377113.6914719262,-16763346.98112709,21150827.378686793
1327,1379402.2230994864,-16764463.953591738,21149763.35077441
1328,1381690.5710287432,-16765581.010411002,21148698.8956771
1329,1383978.7333900803,-16766698.150876852,21147634.014079425
1330,1386266.7144809538,-16767815.376247814,21146568.70464719
1331,1388554.4626643762,-16768932.689895824,21145502.968097903
1332,1390842.0743294922,-16770050.082999235,21144436.805103585
1333,1393129.5043970775,-16771167.560865903,21143370.21435509
1334,1395416.7509978798,-16772285.122787543,21142303.19653752
1335,1397703.8113085655,-16773402.768143544,21141235.752330393
1336,1399990.6901046,-16774520.498103142,21140167.88043627
1337,1402277.3830843535,-16775638.311345065,21139099.582207352
1338,1404563.8449633024,-16776756.2132698,21138030.856311854
1339,1406850.172067427,-16777874.194930125,21136961.703456216
1340,1409136.3131382442,-16778992.25976272,21135892.12431467
1341,1411422.272340415,-16780110.408987097,21134822.11758718
1342,1413708.0474611472,-16781228.641932026,21133751.683954366
1343,1415993.6360216942,-16782346.9579408,21132680.824104622
1344,1418279.0428406543,-16783465.35819382,21131609.53672299
1345,1420564.2141574929,-16784583.845556427,21130537.823165994
1346,1422849.2522639707,-16785702.41297366,21129465.682110935
1347,1425134.1061578374,-16786821.063872878,21128393.114259865
1348,1427418.7737490342,-16787939.797572866,21127320.12029586
1349,1429703.258878548,-16789058.615336142,21126246.698901318
1350,1431987.5598227314,-16790177.516450293,21125172.850759063
1351,1434271.673837111,-16791296.500273637,21124098.576566365
1352,1436555.6057177598,-16792415.567978848,21123023.875010747
1353,1438839.3012120116,-16793534.722533938,21121948.74744641
1354,1441122.8637407245,-16794653.9566759,21120873.19255312
1355,1443406.241730967,-16795773.27395674,21119797.211015057
1356,1445689.4324166419,-16796892.673729077,21118720.803537566
1357,1447972.4406370218,-16798012.157177363,21117643.96879218
1358,1450255.2641586014,-16799131.72362471,21116566.707470596
1359,1452537.9006258317,-16800251.372405015,21115489.020265575
1360,1454820.3050015287,-16801371.109020792,21114410.90584708
1361,1457102.571592881,-16802490.923604548,21113332.365593698
1362,1459384.6553657826,-16803610.8216519,21112253.398174327
1363,1461666.5540869983,-16804730.802486222,21111174.004282054
1364,1463948.2654013163,-16805850.865441717,21110094.184610985
1365,1466229.793658234,-16806971.011744015,21109013.93782846
1366,1468511.1370701757,-16808091.2406613,21107933.264641814
1367,1470792.292814841,-16809211.551576953,21106852.165739283
1368,1473073.2162950847,-16810331.94999715,21105770.639793348
1369,1475354.0015487047,-16811452.42599261,21104688.68817348
1370,1477634.603514254,-16812572.98511175,21103606.309544373
1371,1479915.02016002,-16813693.626644157,21102523.50461479
1372,1482195.2490308646,-16814814.349941608,21101440.274074286
1373,1484475.29494282,-16815935.156179253,21100356.616592743
1374,1486755.1549294451,-16817056.044745754,21099272.532866232
1375,1489034.7777107458,-16818177.01931608,21098188.023585163
1376,1491314.2666842488,-16819298.07232665,21097103.08743131
1377,1493593.5698391018,-16820419.207510542,21096017.725094836
1378,1495872.684943374,-16821540.424192,21094931.937273707
1379,1498151.6164454045,-16822661.72357784,21093845.722634662
1380,1500430.3600935566,-16823783.104362834,21092759.082539544
1381,1502708.920003738,-16824904.567750067,21091672.01568116
1382,1504987.2445280263,-16826026.11750024,21090584.522744227
1383,1507265.4302288108,-16827147.744107682,21089496.60442806
1384,1509543.4323421721,-16828269.453173757,21088408.2593968
1385,1511821.2481686883,-16829391.244073026,21087319.488342732
1386,1514098.875800639,-16830513.116084464,21086230.291979596
1387,1516376.319339968,-16831635.070453126,21085140.668963145
1388,1518653.574492467,-16832757.10586189,21084050.620673124
1389,1520930.6457054073,-16833879.22351622,21082960.145771023
1390,1523207.4811607266,-16835001.427235425,21081869.244950525
1391,1525484.1776753978,-16836123.707372405,21080777.918926723
1392,1527760.6897452218,-16837246.06965368,21079686.166352764
1393,1530037.0153842324,-16838368.513381783,21078593.98792993
1394,1532313.152606742,-16839491.03785932,21077501.384360574
1395,1534589.105268545,-16840613.64435298,21076408.354296234
1396,1536864.8694005164,-16841736.331500176,21075314.89913458
1397,1539140.3993488594,-16842859.105091773,21074221.01752617
1398,1541415.7922658618,-16843981.955377318,21073126.710173577
1399,1543690.996170074,-16845104.88622191,21072031.97778056
1400,1545966.0156518582,-16846227.89882467,21070936.818996042
1401,1548240.8481920136,-16847350.99252055,21069841.234537132
1402,1550515.4919499874,-16848474.166607276,21068745.225101553
1403,1552789.9507585077,-16849597.422344893,21067648.789343487
1404,1555064.220570892,-16850720.75839496,21066551.9286513
1405,1557338.2560735766,-16851844.18056752,21065454.641671292
1406,1559612.1540608658,-16852967.679026414,21064356.92912196
1407,1561885.862792506,-16854091.257674497,21063258.791702386
1408,1564159.3863456268,-16855214.917748872,21062160.22806414
1409,1566432.723125467,-16856338.65852437,21061061.23890602
1410,1568705.8702674622,-16857462.47937722,21059961.8249416
1411,1570978.8323171036,-16858586.381492388,21058861.984827768
1412,1573251.5577750397,-16859710.368809633,21057761.719257277
1413,1575524.1430927669,-16860834.431427725,21056661.02895824
1414,1577796.5431019866,-16861958.575197123,21055559.912558515
1415,1580068.753635214,-16863082.79879137,21054458.371452395
1416,1582340.7788475044,-16864207.10342278,21053356.404300995
1417,1584612.6165315653,-16865331.488423422,21052254.01180531
1418,1586884.264212952,-16866455.953142338,21051151.194674265
1419,1589155.7268264059,-16867580.49873493,21050047.95155365
1420,1591426.952233203,-16868705.129252218,21048944.28313841
1421,1593698.0368944257,-16869829.834674392,21047840.19017265
1422,1595968.9362498901,-16870954.620852742,21046735.671273116
1423,1598239.6456205568,-16872079.486501433,21045630.727845304
1424,1600510.1693268875,-16873204.432832945,21044525.358532418
1425,1602780.505183969,-16874329.459186003,21043419.564030696
1426,1605050.6507315042,-16875454.56486718,21042313.345085736
1427,1607320.5610141074,-16876579.755815115,21041206.70031159
1428,1609590.3330168894,-16877705.02191336,21040099.63041911
1429,1611859.9144727888,-16878830.36722266,21038992.13614092
1430,1614129.3100344567,-16879955.792956583,21037884.216089487
1431,1616398.5153485923,-16881081.297782592,21036775.87168845
1432,1618667.5346337066,-16882206.882930283,21035667.10156994
1433,1620936.3655608147,-16883332.547744222,21034557.90643925
1434,1623205.0060823658,-16884458.291508693,21033448.287030417
1435,1625473.4109699563,-16885584.12023806,21032338.241953276
1436,1627741.6768500002,-16886710.02373243,21031227.77193466
1437,1630009.7520655075,-16887836.00605386,21030116.877702534
1438,1632277.6412464427,-16888962.06840833,21029005.557872068
1439,1634545.339491822,-16890088.209542155,21027893.813850436
1440,1636812.8513440832,-16891214.43063601,21026781.644279454
1441,1639080.174698726,-16892340.731004838,21025669.049873512
1442,1641347.2575040637,-16893467.114799704,21024556.031361982
1443,1643614.2034564612,-16894593.57360706,21023442.58735735
1444,1645880.960551092,-16895720.11158387,21022328.718574796
1445,1648147.5268862068,-16896846.72800889,21021214.425744556
1446,1650413.9064326014,-16897973.42413426,21020099.707491387
1447,1652680.0947818977,-16899100.198659692,21018984.56522682
1448,1654946.0964975315,-16900227.052770916,21017868.997581553
1449,1657211.8596932944,-16901353.990672674,21016753.005265232
1450,1659477.4810892905,-16902481.00198004,21015636.58900941
1451,1661742.9157154683,-16903608.092737153,21014519.74743625
1452,1664008.160998119,-16904735.26231392,21013402.481256228
1453,1666273.2152604826,-16905862.509958565,21012284.791208696
1454,1668538.0822697866,-16906989.836959507,21011166.675900333
1455,1670802.7600674485,-16908117.24262629,21010048.136042383
1456,1673067.246564464,-16909244.726230904,21008929.17238902
1457,1675331.4961094686,-16910372.29397447,21007809.783531375
1458,1677595.6037436042,-16911499.934677944,21006689.970914762
1459,1679859.5240210227,-16912627.654498804,21005569.733143244
1460,1682123.2549836247,-16913755.45274657,21004449.070929386
1461,1684386.794050581,-16914883.3287423,21003327.985028815
1462,1686650.1457479715,-16916011.28370696,21002206.47403696
1463,1688913.3080962012,-16917139.316943847,21001084.53867424
1464,1691176.228704271,-16918267.43277016,20999962.179683127
1465,1693439.0114550989,-16919395.622489404,20998839.39565043
1466,1695701.6023308178,-16920523.889705405,20997716.18803992
1467,1697964.0056107522,-16921652.235663064,20996592.55544437
1468,1700226.2192143947,-16922780.659684364,20995468.49857854
1469,1702488.2404383263,-16923909.161103375,20994344.018200338
1470,1704750.0739743805,-16925037.741140172,20993219.11288689
1471,1707011.7176115366,-16926166.399079233,20992093.78339589
1472,1709273.1193893536,-16927295.13927956,20990968.030443996
1473,1711534.382829728,-16928423.95296201,20989841.8526278
1474,1713795.4540563475,-16929552.843784295,20988715.251401424
1475,1716056.3372242092,-16930681.813002978,20987588.225353383
1476,1718317.0303113293,-16931810.85990905,20986460.775221713
1477,1720577.5308032571,-16932939.983843602,20985332.901745483
1478,1722837.8433473713,-16934069.186012916,20984204.60351163
1479,1725097.915873086,-16935198.47079766,20983075.88126607
1480,1727357.8453663818,-16936327.82743541,20981946.73572756
1481,1729617.5868779756,-16937457.26215233,20980817.165502578
1482,1731877.1354462225,-16938586.773683093,20979687.172042597
1483,1734136.4955728615,-16939716.363239627,20978556.75393893
1484,1736395.6654035198,-16940846.030112896,20977425.91191772
1485,1738654.6424242456,-16941975.77364461,20976294.646720268
1486,1740913.3811874592,-16943105.600169975,20975162.95694339
1487,1743171.979030298,-16944235.49877734,20974030.843328126
1488,1745430.383928446,-16945365.473906606,20972898.306602515
1489,1747688.6002597006,-16946495.526781503,20971765.345354713
1490,1749946.625633505,-16947625.656731334,20970631.960326634
1491,1752204.4580295007,-16948755.863047473,20969498.15226123
1492,1754462.1018468956,-16949886.146959476,20968363.919738017
1493,1756719.5521034491,-16951016.507197693,20967229.264221527
1494,1758976.7639841966,-16952146.9500981,20966094.18429019
1495,1761233.8346333678,-16953277.464668795,20964958.68068729
1496,1763490.7119571578,-16954408.05539062,20963822.75415719
1497,1765747.400375907,-16955538.723498855,20962686.403269663
1498,1768003.8974342344,-16956669.4683046,20961549.62879008
1499,1770260.2013013018,-16957800.28910517,20960412.431442406
1500,1772516.3158817184,-16958931.187180724,20959274.80980185
1501,1774772.1871605562,-16960062.166377116,20958136.765351545
1502,1777027.9191383703,-16961193.217514716,20956998.296658546
1503,1779283.4596766524,-16962324.34511477,20955859.404475495
1504,1781538.8064295978,-16963455.548520144,20954720.08953478
1505,1783793.9639181239,-16964586.828945972,20953580.35040897
1506,1786048.9299343247,-16965718.185677875,20952440.187865753
1507,1788303.7021761606,-16966849.61807136,20951299.60262411
1508,1790558.2848302093,-16967981.12734218,20950158.593283493
1509,1792812.6238417088,-16969112.717433874,20949017.161295883
1510,1795066.8233650671,-16970244.379040617,20947875.305231147
1511,1797320.8308218315,-16971376.11676375,20946733.02585842
1512,1799574.6443824118,-16972507.929900635,20945590.32390515
1513,1801828.2682980406,-16973639.81968519,20944447.19794681
1514,1804081.7002815565,-16974771.7854289,20943303.64873909
1515,1806334.9380314536,-16975903.826487824,20942159.67700312
1516,1808587.9360330114,-16977035.949354462,20941015.281348463
1517,1810840.7898154885,-16978168.142096344,20939870.463224206
1518,1813093.4538526363,-16979300.411243353,20938725.22120323
1519,1815345.9254870592,-16980432.75614684,20937579.556042597
1520,1817598.2028900047,-16981565.1761041,20936433.46847194
1521,1819850.2902680486,-16982697.672335744,20935286.957076762
1522,1822102.1853564251,-16983830.24415992,20934140.022607896
1523,1824353.8857088631,-16984962.8909402,20932992.66579572
1524,1826605.346320879,-16986095.61918032,20931844.885231424
1525,1828856.6622819547,-16987228.416895684,20930696.682368327
1526,1831107.7876455402,-16988361.290701944,20929548.055782266
1527,1833358.720598157,-16989494.239851814,20928399.006239712
1528,1835609.4590646385,-16990627.263669137,20927249.53447244
1529,1837860.0069231717,-16991760.363426253,20926099.63904748
1530,1840110.3622804736,-16992893.538401596,20924949.320717845
1531,1842360.4728172454,-16994026.79334905,20923798.580230445
1532,1844610.4427661549,-16995160.118650194,20922647.41616508
1533,1846860.2199565233,-16996293.519045096,20921495.829261232
1534,1849109.802044624,-16997426.993878555,20920343.820259467
1535,1851359.193729785,-16998560.544315934,20919191.387738004
1536,1853608.3899328457,-16999694.169114556,20918038.533177715
1537,1855857.3956655515,-17000827.869431224,20916885.255134214
1538,1858106.158294618,-17001961.650080945,20915731.55436995
1539,1860354.775943892,-17003095.499443833,20914577.431619603
1540,1862603.2024725166,-17004229.424234416,20913422.885458823
